time,summary,icon,sunriseTime,sunsetTime,moonPhase,precipIntensity,precipIntensityMax,precipIntensityMaxTime,precipProbability,precipType,temperatureHigh,temperatureHighTime,temperatureLow,temperatureLowTime,apparentTemperatureHigh,apparentTemperatureHighTime,apparentTemperatureLow,apparentTemperatureLowTime,dewPoint,humidity,pressure,windSpeed,windGust,windGustTime,windBearing,cloudCover,uvIndex,uvIndexTime,visibility,temperatureMin,temperatureMinTime,temperatureMax,temperatureMaxTime,apparentTemperatureMin,apparentTemperatureMinTime,apparentTemperatureMax,apparentTemperatureMaxTime,date,precipAccumulation
1293861600,Mostly cloudy throughout the day.,rain,1293887965,1293921064,0.92,0.0001,0.002,1293861600.0,0.34,rain,29.6,1293886800,13.54,1293973200,20.65,1293886800,2.23,1293962400,14.74,0.61,1013.46,11.6,24.88,1293904800,250,0.78,1,1293904800,9.997,16.01,1293944400,51.13,1293861600,2.98,1293940800,51.13,1293861600,2011-01-01,
1293948000,Clear throughout the day.,clear-day,1293974369,1294007515,0.96,0.0,0.0,,0.0,,25.63,1294002000,23.01,1294045200,17.33,1294009200,15.0,1294030800,8.62,0.62,1022.79,7.67,16.95,1293948000,239,0.11,2,1293991200,9.997,13.54,1293973200,25.63,1294002000,2.23,1293962400,17.33,1294009200,2011-01-02,
1294034400,Partly cloudy throughout the day.,partly-cloudy-day,1294060771,1294093968,0.99,0.0,0.0,,0.0,,36.39,1294084800,24.55,1294149600,33.29,1294099200,15.01,1294149600,18.93,0.65,1018.58,5.21,15.56,1294081200,215,0.51,1,1294077600,9.997,23.01,1294045200,36.39,1294084800,15.63,1294034400,33.29,1294099200,2011-01-03,
1294120800,Partly cloudy throughout the day.,partly-cloudy-day,1294147170,1294180422,0.02,0.0,0.0,,0.0,,26.27,1294146000,12.1,1294232400,17.27,1294146000,8.27,1294214400,14.96,0.69,1016.42,6.68,17.54,1294153200,266,0.22,2,1294164000,9.993,16.09,1294203600,32.36,1294120800,8.47,1294196400,28.87,1294120800,2011-01-04,
1294207200,Mostly cloudy throughout the day.,partly-cloudy-day,1294233567,1294266878,0.06,0.0,0.0,,0.0,,30.81,1294275600,24.76,1294322400,27.23,1294275600,15.98,1294318800,13.7,0.69,1014.34,4.19,12.07,1294290000,208,0.65,1,1294250400,9.829,12.1,1294232400,31.72,1294282800,8.27,1294214400,27.56,1294279200,2011-01-05,
1294293600,Foggy in the morning.,partly-cloudy-day,1294319961,1294353336,0.09,0.0,0.0,,0.0,,28.14,1294344000,17.51,1294408800,19.2,1294344000,9.15,1294408800,14.76,0.65,1005.55,7.35,17.39,1294347600,301,0.73,1,1294336800,8.691,19.47,1294376400,29.39,1294293600,10.5,1294376400,22.65,1294293600,2011-01-06,
1294380000,Mostly cloudy throughout the day.,cloudy,1294406354,1294439795,0.12,0.0,0.0,,0.0,,22.12,1294426800,10.15,1294480800,12.23,1294426800,-2.4,1294477200,9.46,0.67,999.1,7.04,16.35,1294430400,296,0.95,1,1294423200,7.793,14.76,1294462800,22.12,1294426800,3.31,1294462800,12.91,1294390800,2011-01-07,
1294466400,Partly cloudy throughout the day.,partly-cloudy-day,1294492744,1294526255,0.15,0.0,0.0,,0.0,,24.04,1294520400,11.52,1294578000,13.91,1294524000,6.33,1294570800,7.31,0.66,1010.41,8.83,19.55,1294509600,309,0.3,2,1294509600,9.758,10.15,1294480800,24.04,1294520400,-2.4,1294477200,13.91,1294524000,2011-01-08,
1294552800,Partly cloudy throughout the day.,partly-cloudy-day,1294579131,1294612717,0.18,0.0,0.0,,0.0,,30.38,1294603200,21.24,1294668000,30.38,1294603200,21.24,1294668000,10.44,0.64,1026.56,2.24,7.51,1294552800,283,0.31,2,1294596000,9.984,11.52,1294578000,30.38,1294603200,6.33,1294570800,30.38,1294603200,2011-01-09,
1294639200,Mostly cloudy throughout the day.,partly-cloudy-day,1294665517,1294699180,0.21,0.0,0.0,,0.0,,32.18,1294686000,23.86,1294747200,27.1,1294686000,18.41,1294743600,15.84,0.65,1029.4,3.82,10.94,1294722000,102,0.78,2,1294682400,9.924,21.24,1294668000,32.18,1294686000,20.04,1294722000,27.1,1294686000,2011-01-10,
1294725600,Foggy until evening.,cloudy,1294751900,1294785644,0.24,0.0001,0.0006,1294768800.0,0.16,snow,26.76,1294772400,22.21,1294830000,24.16,1294750800,11.91,1294830000,20.94,0.82,1021.11,5.89,16.17,1294801200,5,1.0,1,1294768800,3.845,23.86,1294747200,27.22,1294725600,15.22,1294808400,24.16,1294750800,2011-01-11,0.02
1294812000,Overcast throughout the day.,cloudy,1294838281,1294872110,0.27,0.0001,0.0019,1294862400.0,0.15,snow,28.49,1294858800,21.87,1294927200,19.88,1294869600,16.35,1294927200,18.33,0.74,1028.25,8.51,16.34,1294848000,316,0.94,2,1294855200,9.582,22.21,1294830000,28.49,1294858800,11.91,1294830000,19.88,1294869600,2011-01-12,0.03
1294898400,Overcast throughout the day.,cloudy,1294924660,1294958576,0.3,0.0,0.0,,0.0,,25.41,1294941600,16.83,1294974000,19.92,1294941600,7.39,1294981200,15.68,0.77,1031.56,5.19,9.98,1294970400,236,0.98,2,1294941600,8.123,16.83,1294974000,25.41,1294941600,7.39,1294981200,19.92,1294941600,2011-01-13,
1294984800,Overcast throughout the day.,cloudy,1295011036,1295045044,0.33,0.0,0.0,,0.0,,27.11,1295038800,22.55,1295064000,26.94,1295035200,14.03,1295067600,15.74,0.76,1024.96,4.1,10.81,1295067600,199,0.98,2,1295028000,7.714,17.4,1294984800,27.11,1295038800,7.94,1294984800,26.94,1295035200,2011-01-14,
1295071200,Mostly cloudy throughout the day.,partly-cloudy-day,1295097410,1295131513,0.37,0.0,0.0,,0.0,,24.89,1295118000,12.03,1295182800,16.06,1295132400,6.21,1295182800,15.81,0.72,1019.46,7.9,18.01,1295089200,290,0.8,2,1295114400,7.907,18.73,1295154000,26.25,1295085600,11.81,1295154000,17.14,1295085600,2011-01-15,
1295157600,Mostly cloudy throughout the day.,partly-cloudy-day,1295183783,1295217982,0.4,0.0,0.0,,0.0,,24.09,1295211600,20.07,1295251200,24.09,1295211600,11.15,1295254800,11.81,0.73,1024.96,3.27,8.63,1295240400,284,0.68,2,1295200800,9.121,12.03,1295182800,24.09,1295211600,6.21,1295182800,24.09,1295211600,2011-01-16,
1295244000,Possible drizzle in the evening and overnight.,rain,1295270153,1295304453,0.44,0.0015,0.0112,1295326800.0,0.5,rain,34.38,1295312400,31.67,1295359200,27.74,1295312400,23.69,1295359200,22.09,0.8,1011.89,7.85,19.83,1295290800,169,0.96,2,1295287200,5.992,20.07,1295251200,34.81,1295319600,11.15,1295254800,31.46,1295326800,2011-01-17,
1295330400,Foggy in the morning.,rain,1295356520,1295390924,0.47,0.0011,0.0081,1295330400.0,0.41,rain,32.69,1295355600,19.44,1295445600,25.87,1295355600,12.05,1295442000,26.9,0.88,1010.37,7.44,18.84,1295384400,348,1.0,2,1295373600,4.336,24.37,1295409600,34.52,1295330400,15.39,1295402400,34.33,1295334000,2011-01-18,
1295416800,Mostly cloudy throughout the day.,partly-cloudy-day,1295442886,1295477397,0.51,0.0,0.0,,0.0,,25.77,1295470800,17.4,1295510400,18.99,1295470800,11.85,1295532000,13.98,0.72,1019.34,5.43,10.34,1295463600,312,0.81,2,1295460000,9.768,17.89,1295499600,25.77,1295470800,12.05,1295442000,18.99,1295470800,2011-01-19,
1295503200,Mostly cloudy throughout the day.,partly-cloudy-day,1295529250,1295563869,0.55,0.0,0.0,,0.0,,22.19,1295553600,-0.61,1295618400,17.75,1295528400,-13.52,1295614800,9.48,0.7,1018.98,6.25,16.61,1295578800,270,0.76,2,1295546400,9.476,9.46,1295586000,22.19,1295553600,-3.59,1295586000,17.8,1295503200,2011-01-20,
1295589600,Partly cloudy throughout the day.,partly-cloudy-day,1295615611,1295650343,0.58,0.0,0.0,,0.0,,10.63,1295643600,4.58,1295665200,10.14,1295647200,-3.74,1295676000,-5.62,0.6,1019.97,5.43,15.99,1295589600,286,0.36,2,1295632800,9.997,-0.61,1295618400,10.63,1295643600,-13.52,1295614800,10.14,1295647200,2011-01-21,
1295676000,Foggy in the morning.,cloudy,1295701971,1295736817,0.62,0.0,0.0,,0.0,,18.72,1295726400,8.31,1295769600,9.09,1295722800,-1.61,1295769600,4.81,0.71,1015.18,6.77,12.95,1295730000,258,0.9,2,1295719200,7.483,7.33,1295676000,18.72,1295726400,-3.74,1295676000,9.09,1295722800,2011-01-22,
1295762400,Mostly cloudy throughout the day.,partly-cloudy-day,1295788328,1295823292,0.66,0.0,0.0,,0.0,,22.09,1295812800,16.35,1295848800,13.41,1295812800,5.85,1295848800,3.29,0.61,1024.54,5.69,12.52,1295809200,157,0.63,2,1295805600,9.043,8.31,1295769600,22.09,1295812800,-1.61,1295769600,13.41,1295812800,2011-01-23,
1295848800,Foggy in the morning.,cloudy,1295874684,1295909767,0.7,0.0,0.0,,0.0,,29.35,1295899200,21.88,1295924400,22.33,1295895600,14.34,1295920800,18.67,0.85,1018.33,6.4,12.27,1295917200,204,1.0,2,1295892000,4.486,16.35,1295848800,29.35,1295899200,5.85,1295848800,22.33,1295895600,2011-01-24,
1295935200,Overcast throughout the day.,cloudy,1295961037,1295996243,0.73,0.0,0.0005,1295989200.0,0.22,,31.34,1295989200,27.08,1296050400,30.24,1295996400,20.97,1296046800,23.49,0.86,1019.72,3.26,9.28,1295935200,229,1.0,2,1295978400,4.035,22.33,1295935200,31.34,1295989200,15.16,1295935200,30.24,1295996400,2011-01-25,
1296021600,Overcast throughout the day.,cloudy,1296047389,1296082719,0.77,0.0,0.0,,0.0,,27.98,1296046800,18.51,1296115200,22.14,1296050400,9.96,1296118800,20.41,0.82,1017.62,4.35,9.49,1296082800,294,1.0,2,1296064800,5.31,19.9,1296104400,29.03,1296021600,13.33,1296104400,29.03,1296021600,2011-01-26,
1296108000,Foggy in the morning and afternoon.,cloudy,1296133739,1296169196,0.8,0.0,0.0,,0.0,,26.81,1296162000,21.4,1296219600,21.41,1296165600,17.43,1296190800,18.97,0.85,1012.37,5.75,12.61,1296147600,239,1.0,2,1296151200,3.874,18.51,1296115200,26.81,1296162000,9.96,1296118800,21.41,1296165600,2011-01-27,
1296194400,Mostly cloudy throughout the day.,partly-cloudy-day,1296220086,1296255673,0.84,0.0003,0.0019,1296241200.0,0.23,snow,32.28,1296244800,26.91,1296277200,32.16,1296241200,18.13,1296277200,20.57,0.76,1012.49,4.63,16.74,1296273600,240,0.83,2,1296237600,7.266,21.4,1296219600,32.28,1296244800,17.68,1296201600,32.16,1296241200,2011-01-28,0.05
1296280800,Overcast throughout the day.,cloudy,1296306432,1296342150,0.87,0.0,0.0002,1296334800.0,0.13,,34.85,1296331200,30.21,1296396000,33.73,1296342000,23.96,1296396000,25.21,0.79,1013.16,4.2,14.21,1296280800,285,0.99,2,1296324000,6.786,27.06,1296280800,34.85,1296331200,18.77,1296280800,33.73,1296342000,2011-01-29,
1296367200,Overcast throughout the day.,cloudy,1296392776,1296428627,0.91,0.0,0.0,,0.0,,30.5,1296392400,21.37,1296482400,24.75,1296392400,11.79,1296482400,24.04,0.79,1025.31,6.33,15.52,1296439200,41,1.0,2,1296410400,8.352,27.85,1296450000,31.09,1296367200,19.76,1296450000,31.09,1296367200,2011-01-30,
1296453600,Foggy in the evening and overnight.,cloudy,1296479119,1296515105,0.94,0.0,0.0,,0.0,,24.0,1296500400,20.42,1296540000,15.5,1296507600,9.25,1296558000,15.23,0.71,1027.34,8.64,19.19,1296522000,81,0.92,2,1296496800,8.921,20.7,1296536400,27.32,1296453600,11.41,1296486000,19.09,1296457200,2011-01-31,
1296540000,Possible flurries in the evening.,snow,1296565459,1296601583,0.97,0.0008,0.0058,1296612000.0,0.33,snow,23.85,1296586800,21.37,1296619200,11.55,1296572400,5.3,1296615600,18.23,0.85,1018.84,14.46,32.89,1296615600,57,1.0,2,1296583200,3.639,20.42,1296540000,23.85,1296586800,5.3,1296615600,11.55,1296572400,2011-02-01,0.28
1296626400,Foggy in the morning.,partly-cloudy-day,1296651798,1296688061,0.0,0.0007,0.0072,1296626400.0,0.24,snow,24.6,1296680400,0.98,1296738000,14.52,1296684000,-7.42,1296741600,16.04,0.81,1019.91,11.98,30.33,1296630000,357,0.79,2,1296669600,5.304,12.72,1296709200,24.6,1296680400,6.14,1296662400,14.52,1296684000,2011-02-02,0.2
1296712800,Partly cloudy throughout the day.,clear-day,1296738135,1296774539,0.03,0.0,0.0,,0.0,,17.45,1296770400,8.05,1296824400,7.55,1296766800,-3.41,1296824400,-0.42,0.64,1031.65,6.34,16.01,1296788400,228,0.04,3,1296756000,9.997,0.98,1296738000,17.45,1296770400,-7.42,1296741600,7.55,1296766800,2011-02-03,
1296799200,Partly cloudy throughout the day.,clear-day,1296824471,1296861016,0.06,0.0,0.0,,0.0,,27.24,1296853200,13.79,1296903600,17.85,1296853200,8.42,1296892800,4.85,0.59,1020.18,7.75,16.53,1296849600,216,0.05,3,1296842400,9.997,8.05,1296824400,27.24,1296853200,-3.41,1296824400,17.85,1296853200,2011-02-04,
1296885600,Mostly cloudy throughout the day.,partly-cloudy-day,1296910805,1296947494,0.09,0.0,0.0,,0.0,,30.0,1296939600,25.12,1296954000,23.16,1296943200,20.45,1296964800,12.82,0.68,1007.03,4.07,10.56,1296939600,218,0.52,3,1296928800,9.997,13.79,1296903600,30.0,1296939600,8.42,1296892800,23.16,1296943200,2011-02-05,
1296972000,Possible flurries in the afternoon and evening.,snow,1296997137,1297033972,0.12,0.0004,0.0031,1297033200.0,0.39,snow,32.31,1297026000,24.85,1297083600,32.31,1297026000,20.0,1297087200,27.01,0.88,1012.28,3.6,8.86,1297054800,215,1.0,2,1297015200,4.445,26.29,1296972000,32.31,1297026000,21.81,1296972000,32.31,1297026000,2011-02-06,0.1
1297058400,Possible flurries in the afternoon.,snow,1297083468,1297120450,0.15,0.0002,0.0029,1297108800.0,0.31,snow,31.34,1297105200,11.33,1297170000,25.61,1297105200,0.62,1297173600,22.33,0.81,1016.54,4.92,9.88,1297112400,333,0.93,2,1297101600,7.767,24.09,1297141200,31.34,1297105200,18.71,1297141200,25.61,1297105200,2011-02-07,0.04
1297144800,Partly cloudy throughout the day.,partly-cloudy-day,1297169797,1297206928,0.18,0.0,0.0,,0.0,,18.13,1297195200,3.73,1297242000,9.17,1297195200,-8.78,1297249200,5.2,0.68,1026.2,6.72,16.26,1297180800,298,0.53,3,1297188000,9.091,4.2,1297227600,23.32,1297144800,-6.9,1297224000,16.96,1297144800,2011-02-08,
1297231200,Mostly cloudy throughout the day.,partly-cloudy-day,1297256125,1297293405,0.21,0.0,0.0,,0.0,,13.87,1297281600,-4.39,1297342800,3.94,1297281600,-14.3,1297342800,-3.4,0.63,1025.84,6.67,12.41,1297267200,257,0.56,2,1297274400,9.997,1.79,1297314000,13.87,1297281600,-8.78,1297249200,3.94,1297281600,2011-02-09,
1297317600,Partly cloudy throughout the day.,clear-day,1297342451,1297379883,0.24,0.0,0.0,,0.0,,16.16,1297375200,10.95,1297418400,5.14,1297386000,5.14,1297386000,-1.91,0.66,1020.84,5.76,18.39,1297375200,216,0.06,3,1297360800,9.997,-4.39,1297342800,16.16,1297375200,-14.3,1297342800,6.14,1297396800,2011-02-10,
1297404000,Overcast throughout the day.,partly-cloudy-day,1297428776,1297466360,0.28,0.0,0.0,,0.0,,25.24,1297472400,25.24,1297472400,18.55,1297472400,18.55,1297472400,12.48,0.73,1015.61,5.38,14.49,1297461600,219,0.86,2,1297447200,9.066,10.95,1297418400,29.52,1297486800,10.79,1297432800,21.66,1297486800,2011-02-11,
1297490400,Mostly cloudy throughout the day.,partly-cloudy-day,1297515099,1297552837,0.31,0.0004,0.0028,1297540800.0,0.18,rain,36.5,1297537200,33.56,1297602000,31.52,1297533600,27.45,1297598400,26.28,0.77,1017.24,6.6,14.59,1297494000,231,0.62,3,1297533600,9.627,26.69,1297515600,37.82,1297573200,21.59,1297519200,31.67,1297573200,2011-02-12,
1297576800,Partly cloudy throughout the day.,partly-cloudy-day,1297601421,1297639314,0.34,0.0003,0.0022,1297627200.0,0.08,rain,47.42,1297627200,39.68,1297681200,43.11,1297627200,32.79,1297681200,29.6,0.66,1006.54,9.06,21.17,1297652400,224,0.38,3,1297620000,9.997,33.56,1297602000,47.42,1297627200,27.45,1297598400,43.11,1297627200,2011-02-13,
1297663200,Mostly cloudy throughout the day.,partly-cloudy-day,1297687742,1297725790,0.38,0.0,0.0,,0.0,,42.17,1297713600,26.71,1297771200,37.59,1297713600,19.03,1297774800,29.51,0.7,1016.71,7.25,22.08,1297670400,302,0.5,2,1297706400,9.997,30.12,1297746000,42.28,1297663200,30.12,1297746000,37.59,1297713600,2011-02-14,
1297749600,Possible drizzle overnight.,partly-cloudy-day,1297774062,1297812267,0.42,0.0001,0.0014,1297832400.0,0.18,rain,39.19,1297800000,36.53,1297818000,32.94,1297800000,30.17,1297818000,22.67,0.65,1024.64,7.21,15.9,1297807200,166,0.63,3,1297792800,9.906,26.71,1297771200,39.19,1297800000,19.03,1297774800,32.94,1297800000,2011-02-15,
1297836000,Mostly cloudy throughout the day.,rain,1297860380,1297898743,0.45,0.0001,0.0025,1297836000.0,0.3,rain,51.92,1297890000,47.45,1297904400,51.92,1297890000,45.12,1297904400,37.09,0.75,1015.09,5.19,11.63,1297918800,190,0.86,3,1297879200,9.419,37.73,1297836000,51.92,1297890000,32.41,1297836000,51.92,1297890000,2011-02-16,
1297922400,Overcast throughout the day.,cloudy,1297946697,1297985218,0.49,0.0,0.0,,0.0,,57.54,1297983600,38.27,1298037600,57.54,1297983600,30.24,1298037600,47.7,0.81,1005.83,13.58,34.04,1297983600,196,0.91,3,1297965600,9.926,50.11,1297947600,57.54,1297983600,50.11,1297947600,57.54,1297983600,2011-02-17,
1298008800,Partly cloudy throughout the day.,partly-cloudy-day,1298033012,1298071694,0.53,0.0,0.0,,0.0,,48.24,1298062800,28.43,1298120400,41.77,1298059200,19.71,1298124000,26.44,0.52,1018.0,13.86,33.09,1298062800,271,0.26,3,1298052000,9.974,36.43,1298091600,55.19,1298008800,28.35,1298091600,55.19,1298008800,2011-02-18,
1298095200,Partly cloudy throughout the day.,partly-cloudy-day,1298119327,1298158169,0.57,0.0,0.0,,0.0,,33.43,1298149200,28.39,1298170800,26.59,1298149200,20.28,1298163600,18.25,0.6,1029.35,8.97,24.17,1298109600,16,0.29,3,1298138400,9.997,28.39,1298170800,35.52,1298095200,19.71,1298124000,27.04,1298095200,2011-02-19,
1298181600,Light rain throughout the day.,rain,1298205641,1298244644,0.61,0.0286,0.0887,1298232000.0,0.96,rain,36.25,1298235600,32.68,1298296800,34.07,1298235600,25.44,1298296800,30.09,0.86,1014.18,7.7,19.55,1298188800,104,0.94,3,1298224800,6.83,28.73,1298181600,36.25,1298235600,20.44,1298185200,34.07,1298235600,2011-02-20,
1298268000,Overcast throughout the day.,rain,1298291953,1298331118,0.65,0.0033,0.0431,1298271600.0,0.96,rain,32.77,1298293200,23.92,1298379600,25.72,1298293200,17.37,1298383200,28.33,0.9,1009.6,8.19,17.34,1298304000,69,1.0,3,1298311200,6.755,26.1,1298350800,34.13,1298268000,18.56,1298343600,27.47,1298268000,2011-02-21,
1298354400,Overcast throughout the day.,cloudy,1298378264,1298417592,0.68,0.0001,0.0011,1298404800.0,0.1,snow,26.75,1298412000,25.06,1298466000,26.36,1298415600,18.11,1298469600,19.95,0.8,1022.62,4.16,10.4,1298354400,88,1.0,3,1298397600,8.201,23.92,1298379600,26.75,1298412000,17.37,1298383200,26.36,1298415600,2011-02-22,0.03
1298440800,Possible light sleet in the evening.,rain,1298464575,1298504066,0.72,0.0003,0.003,1298516400.0,0.33,rain,34.02,1298498400,32.2,1298516400,27.85,1298498400,26.11,1298509200,23.95,0.81,1022.71,5.61,12.81,1298494800,163,0.99,3,1298484000,8.488,25.06,1298466000,34.02,1298498400,18.11,1298469600,32.46,1298523600,2011-02-23,
1298527200,Possible drizzle in the morning and afternoon.,rain,1298550884,1298590539,0.75,0.0017,0.0154,1298570400.0,0.59,rain,36.76,1298570400,30.14,1298635200,30.85,1298570400,20.57,1298635200,28.86,0.81,1017.28,7.68,21.32,1298610000,21,0.99,3,1298570400,7.035,32.79,1298527200,36.76,1298570400,24.52,1298606400,33.64,1298538000,2011-02-24,
1298613600,Foggy in the morning and overnight.,cloudy,1298637193,1298677012,0.79,0.0002,0.0021,1298660400.0,0.25,snow,34.72,1298667600,27.2,1298718000,31.31,1298682000,23.73,1298710800,24.91,0.75,1018.82,7.88,21.47,1298620800,20,0.91,3,1298656800,8.34,30.14,1298635200,34.72,1298667600,20.57,1298635200,31.31,1298682000,2011-02-25,0.02
1298700000,Foggy starting in the afternoon.,cloudy,1298723500,1298763485,0.82,0.0001,0.0028,1298746800.0,0.07,snow,30.32,1298768400,27.63,1298811600,30.32,1298768400,23.46,1298804400,26.67,0.89,1016.18,3.34,10.24,1298700000,217,1.0,3,1298743200,3.219,27.2,1298718000,33.13,1298782800,23.73,1298710800,30.95,1298772000,2011-02-26,0.03
1298786400,Rain throughout the day.,rain,1298809807,1298849957,0.85,0.0084,0.1232,1298869200.0,0.97,rain,37.77,1298833200,27.97,1298901600,37.07,1298836800,20.48,1298901600,28.73,0.85,1009.15,5.73,20.23,1298869200,351,0.88,3,1298829600,6.457,27.63,1298811600,37.77,1298833200,23.27,1298869200,37.07,1298836800,2011-02-27,
1298872800,Mostly cloudy throughout the day.,rain,1298896113,1298936429,0.88,0.0041,0.0601,1298872800.0,0.93,rain,35.38,1298926800,24.46,1298977200,26.91,1298930400,16.65,1298977200,23.54,0.74,1017.12,6.77,24.37,1298919600,3,0.51,4,1298916000,9.188,27.97,1298901600,35.38,1298926800,20.48,1298901600,29.65,1298948400,2011-02-28,
1298959200,Partly cloudy throughout the day.,partly-cloudy-day,1298982418,1299022901,0.92,0.0,0.0,,0.0,,43.81,1299020400,29.45,1299074400,38.53,1299020400,18.89,1299074400,25.55,0.7,1023.48,9.59,28.77,1299027600,209,0.39,4,1299002400,8.797,24.46,1298977200,43.81,1299020400,16.65,1298977200,38.53,1299020400,2011-03-01,
1299045600,Partly cloudy throughout the day.,partly-cloudy-day,1299068722,1299109372,0.95,0.0,0.0,,0.0,,30.46,1299096000,26.22,1299114000,22.25,1299092400,18.1,1299114000,19.61,0.64,1030.37,8.64,26.57,1299070800,10,0.42,4,1299088800,9.992,26.22,1299114000,37.54,1299045600,17.85,1299110400,31.47,1299045600,2011-03-02,
1299132000,Mostly cloudy throughout the day.,partly-cloudy-day,1299155025,1299195843,0.98,0.0,0.0,,0.0,,44.44,1299182400,40.63,1299207600,39.87,1299186000,34.94,1299207600,22.6,0.59,1026.38,7.45,16.23,1299175200,136,0.78,3,1299175200,9.997,26.22,1299132000,44.44,1299182400,21.43,1299139200,39.87,1299186000,2011-03-03,
1299218400,Rain throughout the day.,rain,1299241328,1299282314,0.01,0.024,0.1541,1299294000.0,1.0,rain,54.55,1299265200,33.91,1299333600,54.55,1299265200,24.0,1299330000,36.38,0.77,1016.01,5.61,18.89,1299297600,68,0.96,3,1299261600,7.814,35.88,1299301200,54.55,1299265200,28.46,1299297600,54.55,1299265200,2011-03-04,
1299304800,Possible drizzle in the morning.,rain,1299327630,1299368784,0.04,0.0032,0.0335,1299304800.0,0.86,rain,34.09,1299330000,28.42,1299387600,24.14,1299333600,18.56,1299405600,29.23,0.88,1019.61,13.39,26.57,1299326400,359,1.0,3,1299348000,5.117,28.42,1299387600,35.81,1299304800,19.02,1299380400,27.79,1299304800,2011-03-05,
1299391200,Mostly cloudy throughout the day.,partly-cloudy-day,1299413932,1299455254,0.07,0.0003,0.0038,1299438000.0,0.27,snow,32.22,1299441600,25.11,1299499200,25.42,1299441600,23.97,1299459600,23.02,0.77,1026.3,7.54,18.35,1299394800,22,0.87,3,1299438000,9.997,27.84,1299474000,32.22,1299441600,18.56,1299405600,28.23,1299466800,2011-03-06,0.06
1299477600,Overcast throughout the day.,cloudy,1299500233,1299541724,0.1,0.0,0.0,,0.0,,35.14,1299538800,32.8,1299564000,34.69,1299542400,29.74,1299589200,25.75,0.8,1024.17,2.86,9.57,1299524400,162,0.9,3,1299520800,9.459,25.11,1299499200,35.14,1299538800,25.11,1299499200,34.69,1299542400,2011-03-07,
1299564000,Light rain in the morning and overnight.,partly-cloudy-day,1299586533,1299628193,0.13,0.0,0.0,,0.0,,44.14,1299607200,39.54,1299632400,41.54,1299607200,35.46,1299664800,31.33,0.76,1022.44,4.9,12.89,1299628800,76,0.86,4,1299607200,8.107,32.8,1299564000,44.14,1299607200,29.74,1299589200,41.54,1299607200,2011-03-08,
1299650400,Light rain in the morning and afternoon.,rain,1299672833,1299714662,0.16,0.0118,0.0623,1299675600.0,1.0,rain,47.29,1299700800,32.73,1299762000,47.29,1299700800,24.34,1299765600,39.48,0.92,1009.81,5.39,13.36,1299654000,12,1.0,3,1299693600,4.123,35.27,1299733200,47.29,1299700800,29.35,1299733200,47.29,1299700800,2011-03-09,
1299736800,Mostly cloudy throughout the day.,partly-cloudy-day,1299759132,1299801131,0.19,0.0,0.0,1299736800.0,0.0,,37.25,1299798000,29.27,1299848400,32.93,1299805200,23.07,1299841200,27.62,0.77,1017.46,7.96,16.57,1299762000,327,0.75,3,1299780000,9.414,32.73,1299762000,37.25,1299798000,24.34,1299765600,33.79,1299808800,2011-03-10,
1299823200,Mostly cloudy throughout the day.,partly-cloudy-day,1299845431,1299887599,0.22,0.0,0.0,,0.0,,47.7,1299880800,38.34,1299938400,44.73,1299880800,30.16,1299938400,25.77,0.6,1016.66,6.47,13.11,1299902400,265,0.31,5,1299866400,9.997,29.27,1299848400,47.7,1299880800,23.07,1299841200,44.73,1299880800,2011-03-11,
1299909600,Mostly cloudy throughout the day.,partly-cloudy-day,1299931729,1299974067,0.25,0.0,0.0,,0.0,,39.9,1299934800,25.86,1300017600,32.61,1299934800,20.14,1300014000,29.91,0.71,1011.61,10.86,23.72,1299942000,262,0.85,3,1299952800,9.997,31.25,1299992400,44.03,1299916800,24.02,1299992400,39.28,1299916800,2011-03-12,
1299996000,Mostly cloudy throughout the day.,partly-cloudy-day,1300018028,1300060535,0.29,0.0,0.0,,0.0,,39.25,1300046400,29.65,1300089600,36.51,1300046400,24.88,1300107600,24.99,0.74,1027.15,4.03,11.26,1299996000,338,0.57,4,1300039200,9.951,25.86,1300017600,39.25,1300046400,20.14,1300014000,36.51,1300046400,2011-03-13,
1300078800,Mostly cloudy throughout the day.,partly-cloudy-day,1300104329,1300146999,0.32,0.0,0.0,,0.0,,40.77,1300129200,33.73,1300186800,36.4,1300129200,28.51,1300194000,27.55,0.76,1029.2,5.16,11.42,1300147200,46,0.68,4,1300125600,9.621,29.65,1300089600,40.77,1300129200,24.88,1300107600,36.4,1300129200,2011-03-14,
1300165200,Overcast throughout the day.,cloudy,1300190626,1300233467,0.36,0.0,0.0,,0.0,,38.09,1300222800,33.69,1300276800,37.96,1300230000,33.69,1300276800,29.17,0.75,1020.73,4.26,10.55,1300201200,37,0.9,3,1300212000,9.733,33.73,1300186800,38.45,1300244400,28.51,1300194000,38.45,1300244400,2011-03-15,
1300251600,Partly cloudy throughout the day.,partly-cloudy-day,1300276923,1300319934,0.4,0.0,0.0,,0.0,,61.23,1300309200,47.77,1300359600,61.23,1300309200,43.78,1300359600,35.78,0.66,1018.71,4.62,15.32,1300309200,213,0.55,4,1300298400,8.478,33.69,1300276800,61.23,1300309200,33.69,1300276800,61.23,1300309200,2011-03-16,
1300338000,Mostly cloudy throughout the day.,partly-cloudy-day,1300363220,1300406401,0.43,0.0,0.0,,0.0,,67.59,1300395600,43.41,1300453200,67.59,1300395600,40.61,1300453200,48.37,0.69,1012.05,10.13,21.94,1300392000,208,0.81,4,1300381200,9.997,47.77,1300359600,67.59,1300395600,43.78,1300359600,67.59,1300395600,2011-03-17,
1300424400,Mostly cloudy throughout the day.,partly-cloudy-day,1300449517,1300492868,0.47,0.0,0.0,,0.0,,50.5,1300482000,33.32,1300532400,50.5,1300482000,31.63,1300528800,36.34,0.66,1021.41,4.77,15.9,1300424400,328,0.64,5,1300471200,9.852,39.27,1300507200,58.77,1300424400,39.27,1300507200,58.77,1300424400,2011-03-18,
1300510800,Mostly cloudy throughout the day.,partly-cloudy-day,1300535814,1300579335,0.51,0.0,0.0,,0.0,,47.59,1300561200,38.3,1300590000,44.31,1300561200,34.29,1300586400,30.54,0.71,1031.79,4.23,12.04,1300568400,58,0.24,6,1300557600,9.9,33.32,1300532400,47.59,1300561200,31.63,1300528800,44.31,1300561200,2011-03-19,
1300597200,Light rain throughout the day.,rain,1300622110,1300665801,0.55,0.0091,0.0967,1300644000.0,0.96,rain,49.47,1300662000,46.02,1300712400,47.24,1300665600,44.63,1300708800,36.9,0.71,1021.77,6.78,17.04,1300629600,132,0.94,4,1300644000,9.62,39.16,1300597200,57.74,1300680000,36.97,1300597200,57.74,1300680000,2011-03-20,
1300683600,Light rain in the morning and overnight.,rain,1300708406,1300752268,0.59,0.0006,0.0085,1300683600.0,0.51,rain,55.69,1300734000,39.56,1300784400,55.69,1300734000,34.18,1300798800,44.25,0.83,1017.21,4.71,11.71,1300752000,18,0.87,5,1300730400,7.467,41.29,1300766400,59.37,1300683600,37.2,1300759200,59.37,1300683600,2011-03-21,
1300770000,Light rain throughout the day.,rain,1300794702,1300838734,0.63,0.0091,0.0446,1300777200.0,1.0,rain,43.24,1300816800,37.98,1300870800,38.51,1300820400,33.36,1300867200,38.01,0.9,1013.56,8.43,19.84,1300831200,71,1.0,4,1300816800,7.238,39.46,1300852800,43.24,1300816800,33.57,1300827600,38.51,1300820400,2011-03-22,
1300856400,Light rain in the morning.,rain,1300880999,1300925200,0.67,0.0031,0.0268,1300878000.0,0.96,rain,45.12,1300906800,29.07,1300960800,44.13,1300903200,19.12,1300964400,36.08,0.91,1002.66,7.26,20.07,1300935600,21,1.0,4,1300903200,4.624,31.44,1300939200,45.12,1300906800,21.85,1300939200,44.13,1300903200,2011-03-23,
1300942800,Mostly cloudy throughout the day.,partly-cloudy-day,1300967295,1301011666,0.7,0.0001,0.0007,1300989600.0,0.16,snow,33.64,1301004000,26.91,1301043600,26.62,1301004000,22.17,1301050800,22.22,0.71,1019.44,8.97,20.81,1300957200,18,0.81,4,1300989600,9.138,28.59,1301025600,33.64,1301004000,19.12,1300964400,26.62,1301004000,2011-03-24,0.01
1301029200,Mostly cloudy throughout the day.,partly-cloudy-day,1301053591,1301098132,0.74,0.0,0.0,,0.0,,34.1,1301083200,26.49,1301140800,28.47,1301079600,17.48,1301140800,19.76,0.66,1021.49,5.68,13.58,1301112000,43,0.78,5,1301079600,9.942,26.91,1301043600,34.1,1301083200,22.06,1301101200,28.47,1301079600,2011-03-25,
1301115600,Mostly cloudy throughout the day.,partly-cloudy-day,1301139887,1301184598,0.77,0.0,0.0,,0.0,,31.07,1301173200,26.8,1301227200,22.19,1301173200,20.28,1301227200,16.37,0.59,1022.26,9.5,19.19,1301194800,36,0.69,5,1301162400,9.976,26.49,1301140800,31.07,1301173200,17.48,1301140800,22.41,1301198400,2011-03-26,
1301202000,Partly cloudy throughout the day.,partly-cloudy-day,1301226184,1301271064,0.8,0.0,0.0,,0.0,,33.73,1301252400,26.74,1301306400,25.84,1301245200,20.2,1301277600,16.25,0.56,1024.11,7.99,17.78,1301259600,42,0.35,5,1301245200,9.997,26.8,1301227200,33.73,1301252400,20.2,1301277600,25.84,1301245200,2011-03-27,
1301288400,Partly cloudy throughout the day.,partly-cloudy-day,1301312480,1301357529,0.83,0.0,0.0,,0.0,,35.05,1301346000,29.06,1301382000,28.43,1301346000,22.94,1301360400,17.68,0.59,1025.58,6.91,15.0,1301338800,42,0.33,6,1301338800,9.997,26.74,1301306400,35.05,1301346000,20.3,1301288400,28.43,1301346000,2011-03-28,
1301374800,Mostly cloudy throughout the day.,partly-cloudy-day,1301398777,1301443995,0.86,0.0,0.0,,0.0,,39.28,1301425200,33.49,1301454000,34.33,1301425200,28.82,1301446800,19.5,0.56,1026.35,5.43,12.79,1301436000,45,0.76,4,1301425200,9.997,29.06,1301382000,39.28,1301425200,24.88,1301378400,34.33,1301425200,2011-03-29,
1301461200,Mostly cloudy throughout the day.,partly-cloudy-day,1301485074,1301530461,0.89,0.0,0.0,,0.0,,43.2,1301518800,27.15,1301572800,38.76,1301518800,27.15,1301572800,23.89,0.58,1019.61,5.66,11.9,1301511600,34,0.55,6,1301508000,9.997,32.93,1301544000,43.2,1301518800,30.23,1301540400,38.76,1301518800,2011-03-30,
1301547600,Partly cloudy throughout the day.,partly-cloudy-day,1301571371,1301616926,0.92,0.0,0.0,,0.0,,44.47,1301601600,30.84,1301644800,40.4,1301587200,30.84,1301644800,22.51,0.6,1011.36,3.11,10.72,1301598000,41,0.36,5,1301594400,9.993,27.15,1301572800,44.47,1301601600,27.15,1301572800,40.4,1301587200,2011-03-31,
1301634000,Light rain starting in the afternoon.,rain,1301657668,1301703392,0.95,0.0041,0.0342,1301688000.0,1.0,rain,44.84,1301673600,37.88,1301745600,42.27,1301673600,33.7,1301749200,29.13,0.71,1004.89,3.46,12.32,1301698800,246,0.84,4,1301677200,8.419,30.84,1301644800,44.84,1301673600,30.84,1301644800,42.27,1301673600,2011-04-01,
1301720400,Mostly cloudy throughout the day.,partly-cloudy-day,1301743966,1301789858,0.98,0.0,0.0,,0.0,,52.06,1301778000,40.42,1301803200,52.06,1301778000,39.06,1301824800,32.75,0.66,1010.49,5.87,17.49,1301763600,301,0.58,5,1301767200,9.997,37.88,1301745600,52.06,1301778000,33.7,1301749200,52.06,1301778000,2011-04-02,
1301806800,Light rain in the morning and overnight.,cloudy,1301830264,1301876323,0.01,0.0,0.0,1301889600.0,0.0,,74.96,1301875200,46.58,1301922000,74.96,1301875200,41.89,1301922000,41.79,0.57,1003.21,7.92,23.77,1301853600,165,0.92,5,1301853600,9.924,40.76,1301810400,74.96,1301875200,39.06,1301824800,74.96,1301875200,2011-04-03,
1301893200,Light rain in the morning.,rain,1301916563,1301962789,0.04,0.0068,0.0547,1301907600.0,0.97,rain,49.73,1301936400,35.74,1302004800,45.96,1301932800,31.51,1302004800,42.29,0.72,996.46,9.23,22.16,1301896800,275,0.98,4,1301940000,9.129,42.41,1301976000,68.28,1301896800,38.02,1301976000,68.28,1301896800,2011-04-04,
1301979600,Mostly cloudy throughout the day.,partly-cloudy-day,1302002861,1302049255,0.08,0.0,0.0,,0.0,,52.28,1302040800,45.95,1302087600,52.28,1302040800,42.97,1302066000,26.84,0.51,1008.89,6.06,16.77,1301979600,280,0.59,5,1302026400,9.997,35.74,1302004800,52.28,1302040800,31.51,1302004800,52.28,1302040800,2011-04-05,
1302066000,Mostly cloudy throughout the day.,partly-cloudy-day,1302089161,1302135720,0.11,0.0,0.0009,1302109200.0,0.08,,56.59,1302116400,40.0,1302177600,56.59,1302116400,36.76,1302181200,35.64,0.62,1008.55,4.62,16.1,1302066000,177,0.72,5,1302109200,9.872,42.66,1302148800,56.59,1302116400,40.94,1302141600,56.59,1302116400,2011-04-06,
1302152400,"Rain until morning, starting again in the evening.",rain,1302175460,1302222186,0.14,0.0056,0.0731,1302235200.0,0.95,rain,43.52,1302213600,41.83,1302253200,41.15,1302213600,36.73,1302253200,38.76,0.89,1017.65,4.64,10.55,1302235200,53,0.87,4,1302199200,3.539,40.0,1302177600,43.52,1302213600,36.56,1302188400,41.71,1302152400,2011-04-07,
1302238800,Rain in the morning.,rain,1302261761,1302308652,0.17,0.0193,0.1558,1302253200.0,1.0,rain,44.86,1302307200,44.67,1302318000,44.86,1302307200,43.96,1302354000,42.12,0.95,1014.61,5.67,13.66,1302267600,54,1.0,4,1302285600,3.305,41.83,1302253200,44.86,1302307200,36.73,1302253200,44.86,1302307200,2011-04-08,
1302325200,Mostly cloudy throughout the day.,partly-cloudy-day,1302348062,1302395118,0.2,0.0,0.0,,0.0,,60.21,1302386400,54.17,1302400800,60.21,1302386400,54.17,1302400800,47.46,0.84,1013.86,3.69,9.64,1302354000,109,0.67,6,1302375600,4.849,45.21,1302325200,60.21,1302386400,43.96,1302354000,60.21,1302386400,2011-04-09,
1302411600,Partly cloudy throughout the day.,partly-cloudy-day,1302434363,1302481584,0.24,0.0,0.0,,0.0,,83.6,1302465600,52.68,1302526800,85.2,1302465600,52.68,1302526800,62.21,0.68,1002.88,11.5,27.64,1302490800,195,0.47,8,1302458400,9.851,61.18,1302411600,83.6,1302465600,61.18,1302411600,85.2,1302465600,2011-04-10,
1302498000,Mostly cloudy throughout the day.,partly-cloudy-day,1302520665,1302568050,0.27,0.0002,0.0044,1302501600.0,0.13,rain,63.35,1302555600,40.99,1302606000,63.35,1302555600,36.22,1302606000,45.08,0.62,1005.61,8.25,20.92,1302498000,289,0.76,5,1302544800,9.998,46.71,1302580800,74.2,1302498000,41.99,1302580800,74.46,1302498000,2011-04-11,
1302584400,Partly cloudy throughout the day.,clear-day,1302606967,1302654516,0.31,0.0,0.0,,0.0,,53.3,1302642000,37.38,1302688800,53.3,1302642000,37.38,1302688800,31.07,0.58,1018.35,7.54,18.76,1302638400,19,0.07,8,1302631200,9.997,40.99,1302606000,53.3,1302642000,36.22,1302606000,53.3,1302642000,2011-04-12,
1302670800,Mostly cloudy throughout the day.,partly-cloudy-day,1302693271,1302740982,0.34,0.0,0.0,,0.0,,64.71,1302724800,42.3,1302782400,64.71,1302724800,37.25,1302782400,31.75,0.5,1018.78,2.04,7.63,1302732000,119,0.43,5,1302714000,9.997,37.38,1302688800,64.71,1302724800,37.38,1302688800,64.71,1302724800,2011-04-13,
1302757200,Mostly cloudy throughout the day.,partly-cloudy-day,1302779575,1302827449,0.38,0.0,0.0,,0.0,,45.14,1302811200,39.7,1302865200,38.54,1302811200,32.73,1302865200,35.85,0.7,1021.33,10.17,22.04,1302825600,25,0.73,5,1302804000,9.997,42.19,1302829200,53.55,1302757200,35.42,1302829200,53.55,1302757200,2011-04-14,
1302843600,Light rain starting in the afternoon.,rain,1302865879,1302913915,0.42,0.0079,0.0635,1302904800.0,0.99,rain,51.84,1302894000,45.91,1302922800,51.84,1302894000,40.83,1302922800,37.12,0.73,1011.66,11.2,22.38,1302886800,82,0.84,4,1302886800,9.489,39.7,1302865200,51.84,1302894000,32.73,1302865200,51.84,1302894000,2011-04-15,
1302930000,Light rain until evening.,rain,1302952185,1303000381,0.46,0.0057,0.027,1302987600.0,0.87,rain,49.49,1302955200,35.53,1303038000,46.43,1302955200,29.08,1303038000,40.32,0.85,998.45,8.54,23.14,1302994800,259,0.99,4,1302976800,8.05,36.93,1302987600,50.18,1302948000,29.52,1302987600,50.18,1302948000,2011-04-16,
1303016400,Light rain in the morning and overnight.,partly-cloudy-day,1303038491,1303086848,0.5,0.0,0.0,,0.0,,51.84,1303074000,34.18,1303124400,51.84,1303074000,26.82,1303128000,31.15,0.62,1009.23,8.99,29.95,1303059600,263,0.69,5,1303063200,9.997,35.53,1303038000,51.84,1303074000,29.08,1303038000,51.84,1303074000,2011-04-17,
1303102800,"Light rain until afternoon, starting again overnight.",rain,1303124798,1303173314,0.54,0.0149,0.0664,1303113600.0,1.0,rain,40.36,1303160400,36.57,1303185600,33.71,1303160400,29.56,1303185600,33.06,0.84,1014.01,9.62,16.61,1303156800,45,0.98,4,1303149600,8.377,34.18,1303124400,45.48,1303102800,26.82,1303128000,42.76,1303102800,2011-04-18,
1303189200,Rain throughout the day.,rain,1303211106,1303259781,0.58,0.0276,0.227,1303264800.0,1.0,rain,39.33,1303257600,36.1,1303300800,32.69,1303257600,28.34,1303268400,34.91,0.89,1009.5,10.92,23.41,1303268400,53,0.99,4,1303236000,6.326,36.6,1303243200,39.33,1303257600,28.34,1303268400,33.5,1303203600,2011-04-19,
1303275600,Overcast throughout the day.,rain,1303297415,1303346248,0.61,0.0009,0.0099,1303282800.0,0.64,rain,43.39,1303329600,34.59,1303383600,38.59,1303344000,34.59,1303383600,34.25,0.81,1016.03,8.23,18.47,1303333200,298,0.93,4,1303322400,8.923,36.1,1303300800,43.39,1303329600,29.32,1303286400,39.85,1303358400,2011-04-20,
1303362000,Light rain in the morning and overnight.,partly-cloudy-day,1303383724,1303432714,0.65,0.0,0.0003,1303444800.0,0.06,,47.63,1303412400,40.63,1303473600,44.01,1303408800,34.5,1303473600,32.62,0.7,1026.81,4.75,13.66,1303416000,55,0.52,6,1303408800,9.918,34.59,1303383600,47.63,1303412400,34.59,1303383600,44.01,1303408800,2011-04-21,
1303448400,Light rain throughout the day.,rain,1303470035,1303519181,0.68,0.0228,0.0667,1303498800.0,1.0,rain,45.57,1303513200,45.11,1303516800,42.24,1303509600,40.9,1303516800,41.68,0.92,1013.64,7.29,17.47,1303498800,104,1.0,4,1303495200,4.86,40.63,1303473600,50.26,1303531200,34.5,1303473600,50.26,1303531200,2011-04-22,
1303534800,Mostly cloudy throughout the day.,rain,1303556346,1303605648,0.72,0.0007,0.0088,1303534800.0,0.75,rain,64.99,1303581600,46.87,1303646400,64.99,1303581600,46.87,1303646400,46.48,0.73,1008.96,7.93,23.47,1303581600,259,0.78,7,1303581600,8.807,48.93,1303560000,64.99,1303581600,45.32,1303556400,64.99,1303581600,2011-04-23,
1303621200,Mostly cloudy throughout the day.,cloudy,1303642659,1303692115,0.75,0.0,0.0,,0.0,,54.62,1303668000,45.55,1303714800,54.62,1303668000,43.03,1303732800,41.87,0.73,1016.67,3.99,10.21,1303671600,25,0.89,5,1303668000,9.997,46.29,1303700400,54.62,1303668000,44.05,1303693200,54.62,1303668000,2011-04-24,
1303707600,Light rain throughout the day.,rain,1303728973,1303778581,0.78,0.0032,0.0231,1303743600.0,0.78,rain,51.6,1303758000,47.47,1303779600,51.6,1303758000,44.13,1303779600,42.11,0.81,1012.1,5.94,13.55,1303758000,46,0.99,4,1303750800,7.499,45.55,1303714800,51.6,1303758000,42.79,1303743600,51.6,1303758000,2011-04-25,
1303794000,Light rain in the morning and afternoon.,rain,1303815287,1303865048,0.81,0.0223,0.0829,1303797600.0,1.0,rain,66.47,1303851600,50.6,1303909200,66.47,1303851600,50.6,1303909200,52.44,0.84,997.88,9.81,25.96,1303855200,192,0.91,4,1303840800,7.698,50.03,1303801200,66.47,1303851600,50.03,1303801200,66.47,1303851600,2011-04-26,
1303880400,Light rain in the morning and afternoon.,rain,1303901603,1303951515,0.84,0.0106,0.0612,1303916400.0,1.0,rain,54.85,1303941600,41.59,1303984800,54.85,1303941600,37.34,1303988400,47.16,0.85,999.79,4.26,13.19,1303963200,305,0.98,4,1303927200,8.523,46.21,1303963200,54.85,1303941600,42.26,1303963200,54.85,1303941600,2011-04-27,
1303966800,Possible drizzle in the evening.,rain,1303987920,1304037982,0.87,0.0008,0.0063,1304031600.0,0.58,rain,45.53,1304017200,38.64,1304074800,40.02,1304017200,35.98,1304071200,36.73,0.76,1005.16,8.56,21.54,1304010000,265,0.94,4,1304013600,9.914,41.59,1303984800,45.53,1304017200,37.34,1303988400,40.92,1304038800,2011-04-28,
1304053200,Partly cloudy throughout the day.,partly-cloudy-day,1304074238,1304124448,0.9,0.0,0.0006,1304056800.0,0.16,,61.61,1304107200,49.92,1304157600,61.61,1304107200,46.9,1304157600,33.7,0.57,1015.44,5.1,11.24,1304053200,13,0.42,8,1304100000,9.997,38.64,1304074800,61.61,1304107200,35.98,1304071200,61.61,1304107200,2011-04-29,
1304139600,Mostly cloudy throughout the day.,partly-cloudy-day,1304160557,1304210915,0.93,0.0,0.0,,0.0,,71.49,1304204400,55.44,1304254800,71.49,1304204400,55.44,1304254800,43.5,0.53,1011.75,10.52,26.34,1304193600,157,0.76,7,1304186400,9.997,49.92,1304157600,71.49,1304204400,46.9,1304157600,71.49,1304204400,2011-04-30,
1304226000,Mostly cloudy throughout the day.,partly-cloudy-day,1304246878,1304297381,0.96,0.0,0.0,,0.0,,61.86,1304272800,48.02,1304334000,61.86,1304272800,48.02,1304334000,40.43,0.53,1013.1,7.52,23.46,1304272800,251,0.69,7,1304269200,9.998,52.16,1304308800,64.66,1304226000,52.16,1304308800,64.66,1304226000,2011-05-01,
1304312400,Mostly cloudy throughout the day.,partly-cloudy-day,1304333199,1304383847,0.99,0.0,0.0,,0.0,,59.42,1304366400,41.84,1304420400,59.42,1304366400,37.52,1304406000,32.39,0.5,1021.62,5.69,13.59,1304362800,22,0.75,6,1304359200,9.997,43.26,1304395200,59.42,1304366400,38.14,1304388000,59.42,1304366400,2011-05-02,
1304398800,Mostly cloudy throughout the day.,partly-cloudy-day,1304419522,1304470314,0.02,0.0,0.0,,0.0,,48.83,1304442000,39.0,1304488800,45.55,1304442000,36.2,1304470800,32.52,0.65,1023.69,6.76,12.49,1304460000,21,0.78,6,1304438400,9.997,40.23,1304481600,48.83,1304442000,36.2,1304470800,45.55,1304442000,2011-05-03,
1304485200,Mostly cloudy throughout the day.,partly-cloudy-day,1304505847,1304556780,0.06,0.0,0.0,,0.0,,56.83,1304542800,41.09,1304593200,56.83,1304542800,39.09,1304589600,31.27,0.56,1028.53,5.11,15.25,1304517600,13,0.59,9,1304532000,9.997,39.0,1304488800,56.83,1304542800,36.53,1304499600,56.83,1304542800,2011-05-04,
1304571600,Light rain in the evening and overnight.,rain,1304592172,1304643245,0.09,0.0027,0.0462,1304647200.0,0.75,rain,61.45,1304636400,46.16,1304679600,61.45,1304636400,45.14,1304679600,38.76,0.62,1021.64,6.96,19.54,1304614800,192,0.68,5,1304618400,9.959,41.09,1304593200,61.45,1304636400,39.09,1304589600,61.45,1304636400,2011-05-05,
1304658000,Mostly cloudy throughout the day.,partly-cloudy-day,1304678499,1304729711,0.12,0.0,0.0,,0.0,,66.89,1304715600,55.7,1304773200,66.89,1304715600,55.7,1304773200,41.73,0.6,1011.31,5.02,17.35,1304701200,265,0.48,7,1304701200,9.403,46.16,1304679600,66.89,1304715600,45.14,1304679600,66.89,1304715600,2011-05-06,
1304744400,Overcast throughout the day.,cloudy,1304764827,1304816176,0.15,0.0001,0.0014,1304773200.0,0.1,rain,59.4,1304787600,44.18,1304852400,59.4,1304787600,42.19,1304852400,45.55,0.72,1010.57,4.56,11.88,1304812800,63,0.88,4,1304791200,9.888,45.76,1304827200,59.94,1304744400,42.35,1304827200,59.94,1304744400,2011-05-07,
1304830800,Partly cloudy throughout the day.,partly-cloudy-day,1304851157,1304902641,0.19,0.0,0.0,,0.0,,64.21,1304884800,50.06,1304920800,64.21,1304884800,50.06,1304920800,44.32,0.71,1015.37,4.67,12.02,1304881200,35,0.34,9,1304874000,9.96,44.18,1304852400,64.21,1304884800,42.19,1304852400,64.21,1304884800,2011-05-08,
1304917200,Mostly cloudy throughout the day.,partly-cloudy-day,1304937488,1304989106,0.22,0.0,0.0,1304974800.0,0.0,,72.96,1304978400,63.48,1305014400,72.96,1304978400,63.48,1305014400,46.23,0.55,1013.3,8.15,18.95,1304978400,123,0.69,6,1304960400,9.997,50.06,1304920800,72.96,1304978400,50.06,1304920800,72.96,1304978400,2011-05-09,
1305003600,Mostly cloudy throughout the day.,partly-cloudy-day,1305023821,1305075570,0.26,0.0,0.0,,0.0,,89.52,1305064800,68.44,1305108000,92.88,1305064800,69.19,1305108000,60.17,0.59,1006.66,6.59,16.73,1305007200,159,0.64,7,1305046800,9.725,63.48,1305014400,89.52,1305064800,63.48,1305014400,92.88,1305064800,2011-05-10,
1305090000,Light rain in the evening and overnight.,rain,1305110155,1305162034,0.3,0.0029,0.0352,1305162000.0,0.83,rain,86.33,1305136800,61.39,1305190800,90.1,1305136800,61.6,1305190800,66.35,0.75,1008.79,4.28,10.99,1305162000,157,0.5,7,1305133200,7.627,67.35,1305172800,86.33,1305136800,67.87,1305172800,90.1,1305136800,2011-05-11,
1305176400,Possible drizzle in the morning.,rain,1305196491,1305248498,0.33,0.0017,0.0129,1305255600.0,0.52,rain,87.77,1305234000,62.97,1305284400,88.39,1305230400,63.12,1305284400,62.34,0.71,1009.14,3.87,11.31,1305216000,186,0.76,6,1305223200,8.097,61.39,1305190800,87.77,1305234000,61.6,1305190800,88.39,1305230400,2011-05-12,
1305262800,Mostly cloudy throughout the day.,partly-cloudy-day,1305282828,1305334961,0.37,0.0006,0.0092,1305320400.0,0.25,rain,75.08,1305298800,45.85,1305370800,75.32,1305298800,40.11,1305367200,55.65,0.82,1006.71,6.67,23.11,1305338400,11,0.8,6,1305309600,9.096,48.56,1305345600,75.08,1305298800,43.31,1305345600,75.32,1305298800,2011-05-13,
1305349200,"Light rain until morning, starting again in the evening.",rain,1305369167,1305421424,0.41,0.0057,0.03,1305424800.0,0.94,rain,49.32,1305396000,44.63,1305464400,45.23,1305396000,37.63,1305464400,45.33,0.93,1006.77,11.63,23.14,1305349200,7,1.0,5,1305396000,5.801,45.85,1305370800,49.32,1305396000,40.11,1305367200,45.23,1305396000,2011-05-14,
1305435600,Light rain in the morning and afternoon.,rain,1305455507,1305507886,0.45,0.0146,0.0535,1305442800.0,1.0,rain,45.28,1305500400,40.78,1305540000,39.05,1305500400,35.7,1305540000,39.68,0.83,1010.01,13.72,25.0,1305464400,14,0.95,5,1305482400,7.136,42.87,1305482400,47.31,1305446400,35.79,1305486000,42.0,1305446400,2011-05-15,
1305522000,Partly cloudy throughout the day.,clear-day,1305541849,1305594347,0.49,0.0,0.0,,0.0,,50.24,1305568800,42.12,1305619200,50.24,1305568800,39.31,1305626400,33.04,0.62,1016.48,9.71,22.17,1305576000,7,0.12,10,1305568800,9.999,40.78,1305540000,50.24,1305568800,35.7,1305540000,50.24,1305568800,2011-05-16,
1305608400,Mostly cloudy throughout the day.,partly-cloudy-day,1305628193,1305680808,0.52,0.0,0.0,,0.0,,56.68,1305662400,49.63,1305698400,56.68,1305662400,47.72,1305720000,35.75,0.6,1014.98,8.18,19.83,1305666000,11,0.52,8,1305655200,9.997,42.12,1305619200,56.68,1305662400,39.31,1305626400,56.68,1305662400,2011-05-17,
1305694800,Possible drizzle in the morning.,rain,1305714538,1305767268,0.56,0.0007,0.0055,1305723600.0,0.59,rain,55.99,1305756000,51.3,1305784800,55.99,1305756000,51.3,1305784800,47.65,0.88,1011.9,4.51,8.85,1305727200,6,1.0,5,1305741600,6.252,49.63,1305698400,55.99,1305756000,47.72,1305720000,55.99,1305756000,2011-05-18,
1305781200,Mostly cloudy throughout the day.,partly-cloudy-day,1305800885,1305853728,0.6,0.0,0.0,,0.0,,68.82,1305835200,52.21,1305878400,68.82,1305835200,52.21,1305878400,53.13,0.84,1015.89,2.98,6.53,1305835200,6,0.8,5,1305831600,7.195,51.3,1305784800,68.82,1305835200,51.3,1305784800,68.82,1305835200,2011-05-19,
1305867600,Mostly cloudy throughout the day.,partly-cloudy-day,1305887234,1305940187,0.63,0.0,0.0,,0.0,,70.8,1305921600,50.74,1305954000,70.8,1305921600,50.74,1305954000,53.98,0.81,1017.68,2.81,8.08,1305932400,56,0.55,9,1305910800,8.864,51.15,1305950400,70.8,1305921600,51.15,1305950400,70.8,1305921600,2011-05-20,
1305954000,Possible drizzle in the afternoon.,rain,1305973585,1306026645,0.66,0.0002,0.0022,1306004400.0,0.34,rain,75.14,1306018800,64.93,1306062000,75.48,1306018800,65.38,1306062000,58.6,0.8,1012.28,4.85,14.26,1306015200,146,0.7,6,1305997200,8.694,50.74,1305954000,75.14,1306018800,50.74,1305954000,75.48,1306018800,2011-05-21,
1306040400,Light rain starting in the afternoon.,rain,1306059937,1306113102,0.7,0.0031,0.0465,1306123200.0,0.89,rain,86.7,1306094400,65.04,1306148400,88.42,1306094400,65.31,1306148400,61.27,0.69,1006.35,7.27,20.86,1306090800,182,0.43,10,1306083600,9.42,64.93,1306062000,86.7,1306094400,65.38,1306062000,88.42,1306094400,2011-05-22,
1306126800,Mostly cloudy throughout the day.,rain,1306146291,1306199559,0.73,0.0058,0.0841,1306130400.0,0.87,rain,79.73,1306180800,57.46,1306238400,79.73,1306180800,57.46,1306238400,60.05,0.68,1002.49,6.97,21.06,1306177200,236,0.68,8,1306173600,9.911,65.04,1306148400,79.73,1306180800,65.31,1306148400,79.73,1306180800,2011-05-23,
1306213200,Possible drizzle overnight.,partly-cloudy-day,1306232647,1306286014,0.76,0.0,0.0,,0.0,,59.74,1306252800,47.74,1306288800,59.74,1306252800,44.04,1306288800,49.06,0.75,1010.7,6.7,14.95,1306263600,22,0.52,7,1306263600,9.997,47.74,1306288800,69.25,1306213200,44.04,1306288800,69.26,1306213200,2011-05-24,
1306299600,Heavy rain throughout the day.,rain,1306319005,1306372469,0.79,0.0478,0.4018,1306335600.0,1.0,rain,70.12,1306357200,44.89,1306411200,70.23,1306357200,39.03,1306414800,52.16,0.9,1005.67,6.2,19.04,1306371600,22,0.9,5,1306353600,6.972,47.96,1306299600,70.12,1306357200,44.16,1306382400,70.23,1306357200,2011-05-25,
1306386000,Rain in the morning.,rain,1306405365,1306458922,0.82,0.0267,0.1022,1306400400.0,1.0,rain,46.68,1306454400,43.52,1306490400,41.0,1306454400,39.13,1306472400,41.98,0.86,1008.69,13.09,23.61,1306429200,5,0.96,5,1306432800,7.976,44.5,1306468800,48.93,1306389600,37.99,1306432800,44.42,1306389600,2011-05-26,
1306472400,Possible drizzle overnight.,partly-cloudy-day,1306491726,1306545375,0.85,0.0,0.0005,1306551600.0,0.2,,55.95,1306530000,49.99,1306555200,55.95,1306530000,49.99,1306555200,41.02,0.73,1014.85,5.81,12.43,1306472400,21,0.66,7,1306519200,9.997,43.52,1306490400,55.95,1306530000,39.13,1306472400,55.95,1306530000,2011-05-27,
1306558800,Light rain in the afternoon and evening.,rain,1306578090,1306631826,0.88,0.0063,0.0426,1306616400.0,0.94,rain,63.08,1306609200,55.3,1306652400,63.08,1306609200,55.3,1306652400,54.89,0.9,1010.38,3.84,14.07,1306591200,186,0.99,5,1306605600,5.137,50.84,1306558800,63.08,1306609200,50.84,1306558800,63.08,1306609200,2011-05-28,
1306645200,Rain in the afternoon.,rain,1306664455,1306718276,0.91,0.0321,0.3634,1306695600.0,1.0,rain,70.61,1306713600,64.78,1306738800,71.12,1306713600,65.11,1306738800,59.65,0.93,1011.41,3.54,15.8,1306706400,119,0.9,5,1306692000,4.806,55.3,1306652400,70.61,1306713600,55.3,1306652400,71.12,1306713600,2011-05-29,
1306731600,Partly cloudy throughout the day.,partly-cloudy-day,1306750822,1306804725,0.94,0.0,0.0,,0.0,,89.75,1306792800,75.55,1306839600,94.94,1306785600,76.13,1306839600,65.96,0.68,1015.03,7.52,21.4,1306789200,194,0.22,10,1306774800,9.89,64.78,1306738800,89.75,1306792800,65.11,1306738800,94.94,1306785600,2011-05-30,
1306818000,Possible drizzle in the afternoon and evening.,rain,1306837192,1306891173,0.97,0.0008,0.0137,1306875600.0,0.48,rain,86.05,1306868400,63.49,1306926000,89.86,1306868400,63.49,1306926000,65.86,0.63,1017.04,8.5,23.02,1306857600,218,0.48,6,1306864800,9.997,73.08,1306900800,86.05,1306868400,73.08,1306900800,89.86,1306868400,2011-05-31,
1306904400,Partly cloudy throughout the day.,partly-cloudy-day,1306923563,1306977620,0.01,0.0,0.0,,0.0,,82.23,1306965600,56.49,1307012400,82.23,1306965600,56.49,1307012400,50.57,0.46,1021.3,6.52,21.6,1306954800,262,0.15,9,1306951200,9.997,63.49,1306926000,82.23,1306965600,63.49,1306926000,82.23,1306965600,2011-06-01,
1306990800,Mostly cloudy throughout the day.,partly-cloudy-day,1307009936,1307064065,0.04,0.0001,0.0014,1307073600.0,0.07,rain,67.01,1307044800,56.6,1307077200,67.01,1307044800,56.6,1307077200,47.27,0.59,1022.53,4.91,11.66,1307019600,47,0.62,9,1307037600,9.997,56.49,1307012400,68.92,1306990800,56.49,1307012400,68.92,1306990800,2011-06-02,
1307077200,Partly cloudy throughout the day.,partly-cloudy-day,1307096311,1307150509,0.07,0.0001,0.0012,1307084400.0,0.26,rain,87.86,1307142000,74.61,1307181600,89.58,1307142000,75.58,1307181600,60.34,0.64,1017.76,6.06,16.5,1307142000,161,0.56,8,1307127600,9.997,56.6,1307077200,87.86,1307142000,56.6,1307077200,89.58,1307142000,2011-06-03,
1307163600,Rain in the afternoon and evening.,rain,1307182688,1307236952,0.11,0.0062,0.1188,1307224800.0,1.0,rain,90.4,1307210400,63.9,1307268000,96.25,1307210400,64.02,1307268000,65.79,0.67,1016.14,5.05,13.64,1307163600,226,0.39,8,1307210400,9.285,68.02,1307246400,90.4,1307210400,68.02,1307246400,96.25,1307210400,2011-06-04,
1307250000,Mostly cloudy throughout the day.,partly-cloudy-day,1307269067,1307323393,0.14,0.0,0.0,,0.0,,80.8,1307300400,61.09,1307350800,81.07,1307300400,61.09,1307350800,56.5,0.63,1018.87,2.05,7.41,1307300400,42,0.45,8,1307300400,9.514,62.17,1307332800,80.8,1307300400,62.17,1307332800,81.07,1307300400,2011-06-05,
1307336400,Mostly cloudy throughout the day.,partly-cloudy-day,1307355449,1307409833,0.18,0.0,0.0,,0.0,,93.75,1307394000,76.89,1307444400,96.39,1307397600,78.0,1307444400,62.08,0.6,1012.96,5.13,16.14,1307394000,195,0.32,9,1307379600,9.984,61.09,1307350800,93.75,1307394000,61.09,1307350800,96.39,1307397600,2011-06-06,
1307422800,Clear throughout the day.,clear-day,1307441832,1307496271,0.21,0.0,0.0,,0.0,,96.7,1307480400,78.52,1307530800,98.05,1307476800,79.23,1307530800,66.45,0.54,1009.44,5.88,16.9,1307484000,224,0.05,10,1307469600,9.461,76.89,1307444400,96.7,1307480400,78.0,1307444400,98.05,1307476800,2011-06-07,
1307509200,Rain in the morning and overnight.,partly-cloudy-day,1307528217,1307582707,0.25,0.0,0.0,,0.0,,95.11,1307566800,65.55,1307617200,95.9,1307559600,66.26,1307617200,64.0,0.49,1008.99,7.59,20.75,1307566800,227,0.32,7,1307559600,9.96,78.52,1307530800,95.11,1307566800,79.02,1307592000,95.9,1307559600,2011-06-08,
1307595600,Rain in the morning and afternoon.,rain,1307614604,1307669142,0.29,0.0578,0.3277,1307628000.0,1.0,rain,65.82,1307624400,51.12,1307682000,66.47,1307624400,51.12,1307682000,54.62,0.86,1016.01,7.36,16.2,1307646000,16,0.95,5,1307642400,8.148,51.4,1307674800,68.73,1307595600,51.4,1307674800,69.1,1307595600,2011-06-09,
1307682000,Rain in the morning.,rain,1307700993,1307755576,0.32,0.0104,0.1423,1307703600.0,1.0,rain,67.36,1307732400,56.96,1307775600,67.67,1307732400,56.96,1307775600,54.95,0.89,1014.1,4.51,9.47,1307700000,5,0.93,5,1307728800,5.63,51.12,1307682000,67.36,1307732400,51.12,1307682000,67.67,1307732400,2011-06-10,
1307768400,Possible drizzle in the morning.,rain,1307787385,1307842007,0.36,0.0005,0.0041,1307786400.0,0.49,rain,60.09,1307822400,52.56,1307872800,60.09,1307822400,52.56,1307872800,55.18,0.93,1013.94,3.35,7.79,1307818800,8,0.99,5,1307815200,4.871,53.86,1307840400,60.09,1307822400,53.86,1307840400,60.09,1307822400,2011-06-11,
1307854800,Mostly cloudy throughout the day.,partly-cloudy-day,1307873778,1307928437,0.4,0.0,0.0,,0.0,,61.79,1307916000,55.49,1307962800,61.79,1307916000,55.49,1307962800,48.1,0.73,1019.25,5.31,13.17,1307916000,13,0.67,7,1307901600,9.643,52.56,1307872800,61.79,1307916000,52.56,1307872800,61.79,1307916000,2011-06-12,
1307941200,Partly cloudy throughout the day.,partly-cloudy-day,1307960173,1308014866,0.44,0.0,0.0,,0.0,,70.21,1307998800,55.25,1308045600,70.21,1307998800,55.25,1308045600,45.49,0.55,1020.07,4.18,8.34,1307991600,38,0.53,10,1307988000,9.998,55.49,1307962800,70.21,1307998800,55.49,1307962800,70.21,1307998800,2011-06-13,
1308027600,Mostly cloudy throughout the day.,partly-cloudy-day,1308046571,1308101292,0.47,0.0,0.0,,0.0,,76.43,1308081600,57.49,1308139200,76.43,1308081600,57.49,1308139200,49.83,0.58,1016.61,3.77,9.97,1308074400,83,0.59,7,1308074400,9.997,55.25,1308045600,76.43,1308081600,55.25,1308045600,76.43,1308081600,2011-06-14,
1308114000,Rain until evening.,rain,1308132970,1308187717,0.51,0.0264,0.1656,1308139200.0,1.0,rain,70.0,1308157200,61.71,1308225600,70.06,1308157200,61.92,1308225600,58.81,0.8,1007.48,6.37,15.95,1308157200,148,0.88,5,1308153600,8.179,57.49,1308139200,70.0,1308157200,57.49,1308139200,70.06,1308157200,2011-06-15,
1308200400,Light rain in the morning.,rain,1308219372,1308274139,0.54,0.0017,0.0218,1308229200.0,0.88,rain,80.15,1308258000,62.96,1308304800,80.93,1308258000,63.07,1308304800,60.58,0.75,1007.33,3.87,13.02,1308254400,266,0.56,7,1308243600,8.649,61.71,1308225600,80.15,1308258000,61.92,1308225600,80.93,1308258000,2011-06-16,
1308286800,Mostly cloudy throughout the day.,partly-cloudy-day,1308305775,1308360560,0.58,0.0,0.0,,0.0,,80.35,1308340800,61.44,1308394800,82.06,1308340800,61.44,1308394800,61.0,0.72,1010.22,2.74,7.91,1308348000,58,0.48,9,1308333600,9.916,62.96,1308304800,80.35,1308340800,63.07,1308304800,82.06,1308340800,2011-06-17,
1308373200,Mostly cloudy throughout the day.,partly-cloudy-day,1308392180,1308446979,0.61,0.0,0.0,,0.0,,80.04,1308427200,64.42,1308474000,82.46,1308427200,64.78,1308474000,62.56,0.75,1009.99,3.12,8.47,1308420000,65,0.75,6,1308420000,9.677,61.44,1308394800,80.04,1308427200,61.44,1308394800,82.46,1308427200,2011-06-18,
1308459600,Mostly cloudy throughout the day.,partly-cloudy-day,1308478588,1308533397,0.64,0.0,0.0,,0.0,,81.96,1308513600,68.78,1308564000,84.85,1308513600,69.72,1308564000,65.75,0.77,1007.3,2.7,7.38,1308506400,142,0.63,6,1308506400,8.962,64.42,1308474000,81.96,1308513600,64.78,1308474000,84.85,1308513600,2011-06-19,
1308546000,Rain in the morning and afternoon.,rain,1308564997,1308619812,0.68,0.0118,0.1329,1308574800.0,1.0,rain,79.2,1308607200,73.58,1308628800,81.57,1308607200,74.39,1308628800,67.26,0.83,1006.69,4.48,15.13,1308592800,157,0.77,5,1308592800,9.06,68.78,1308564000,79.2,1308607200,69.72,1308564000,81.57,1308607200,2011-06-20,
1308632400,Rain in the evening and overnight.,rain,1308651408,1308706225,0.71,0.0076,0.1436,1308711600.0,0.71,rain,88.77,1308682800,69.26,1308736800,94.63,1308682800,70.15,1308711600,70.49,0.75,1004.19,7.18,21.21,1308708000,178,0.8,7,1308675600,9.741,69.29,1308711600,88.77,1308682800,70.15,1308711600,94.63,1308682800,2011-06-21,
1308718800,Possible drizzle in the afternoon.,rain,1308737821,1308792636,0.74,0.0004,0.0054,1308765600.0,0.59,rain,72.7,1308754800,63.85,1308826800,72.79,1308754800,64.33,1308826800,62.99,0.8,1002.44,7.96,21.48,1308758400,211,0.81,6,1308765600,9.971,65.95,1308801600,72.7,1308754800,66.1,1308801600,72.79,1308754800,2011-06-22,
1308805200,Possible drizzle in the morning.,rain,1308824236,1308879045,0.77,0.0005,0.0034,1308826800.0,0.38,rain,71.36,1308848400,61.03,1308920400,71.39,1308848400,61.03,1308920400,60.24,0.81,1002.43,7.23,17.55,1308848400,249,0.98,5,1308852000,9.088,63.09,1308888000,71.36,1308848400,63.09,1308888000,71.39,1308848400,2011-06-23,
1308891600,Overcast throughout the day.,cloudy,1308910653,1308965453,0.8,0.0,0.0,,0.0,,67.6,1308960000,61.87,1308999600,67.6,1308960000,61.87,1308999600,56.55,0.76,1007.61,5.12,10.98,1308920400,295,1.0,5,1308938400,9.977,61.03,1308920400,67.6,1308960000,61.03,1308920400,67.6,1308960000,2011-06-24,
1308978000,Mostly cloudy throughout the day.,partly-cloudy-day,1308997072,1309051858,0.83,0.0,0.0,,0.0,,77.07,1309028400,61.1,1309086000,77.07,1309028400,61.1,1309086000,55.39,0.62,1013.36,2.33,5.75,1309021200,93,0.77,6,1309021200,9.997,61.87,1308999600,77.07,1309028400,61.87,1308999600,77.07,1309028400,2011-06-25,
1309064400,Partly cloudy throughout the day.,partly-cloudy-day,1309083492,1309138261,0.86,0.0,0.0,,0.0,,78.38,1309118400,67.29,1309150800,78.38,1309118400,67.29,1309150800,54.95,0.6,1014.17,2.88,7.94,1309122000,75,0.43,10,1309107600,9.997,61.1,1309086000,78.38,1309118400,61.1,1309086000,78.38,1309118400,2011-06-26,
1309150800,Light rain in the morning.,rain,1309169915,1309224662,0.89,0.0021,0.026,1309186800.0,0.86,rain,80.86,1309215600,64.58,1309258800,83.18,1309215600,64.58,1309258800,64.79,0.75,1009.32,4.89,13.26,1309172400,202,0.65,6,1309201200,9.444,67.29,1309150800,80.86,1309215600,67.29,1309150800,83.18,1309215600,2011-06-27,
1309237200,Clear throughout the day.,clear-day,1309256339,1309311061,0.92,0.0,0.0,,0.0,,80.43,1309298400,61.15,1309345200,80.43,1309298400,61.15,1309345200,55.07,0.55,1014.64,4.82,12.5,1309291200,312,0.05,10,1309280400,9.998,64.58,1309258800,80.43,1309298400,64.58,1309258800,80.43,1309298400,2011-06-28,
1309323600,Partly cloudy throughout the day.,partly-cloudy-day,1309342765,1309397458,0.96,0.0,0.0,,0.0,,79.03,1309381200,63.62,1309428000,79.03,1309381200,63.62,1309428000,57.17,0.63,1018.13,2.31,7.78,1309381200,67,0.14,9,1309370400,9.986,61.15,1309345200,79.03,1309381200,61.15,1309345200,79.03,1309381200,2011-06-29,
1309410000,Possible light rain overnight.,rain,1309429192,1309483853,0.99,0.002,0.0304,1309489200.0,0.33,rain,88.27,1309467600,71.18,1309489200,90.09,1309467600,71.44,1309489200,61.87,0.63,1016.23,4.73,20.09,1309489200,171,0.37,8,1309449600,9.997,63.62,1309428000,88.27,1309467600,63.62,1309428000,90.09,1309467600,2011-06-30,
1309496400,Mostly cloudy throughout the day.,rain,1309515621,1309570246,0.03,0.0011,0.0108,1309496400.0,0.48,rain,85.5,1309564800,75.39,1309600800,87.12,1309564800,76.85,1309600800,62.96,0.63,1014.95,6.96,17.4,1309546800,177,0.79,6,1309543200,9.958,71.97,1309503600,85.5,1309564800,72.03,1309503600,87.12,1309564800,2011-07-01,
1309582800,Humid and partly cloudy throughout the day.,partly-cloudy-day,1309602052,1309656637,0.06,0.0,0.0,,0.0,,92.79,1309636800,70.18,1309687200,103.25,1309633200,70.94,1309687200,71.56,0.72,1014.28,4.59,11.71,1309615200,226,0.48,6,1309622400,9.103,74.39,1309665600,92.79,1309636800,75.17,1309665600,103.25,1309633200,2011-07-02,
1309669200,Mostly cloudy throughout the day.,partly-cloudy-day,1309688484,1309743025,0.1,0.0,0.0,,0.0,,81.28,1309708800,67.08,1309777200,82.34,1309708800,67.08,1309777200,60.87,0.63,1015.32,2.69,8.79,1309723200,9,0.51,6,1309712400,9.58,70.18,1309687200,81.28,1309708800,70.94,1309687200,82.34,1309708800,2011-07-03,
1309755600,Partly cloudy throughout the day.,partly-cloudy-day,1309774918,1309829412,0.13,0.0,0.0,,0.0,,86.19,1309813200,67.43,1309860000,86.19,1309813200,67.43,1309860000,55.99,0.5,1014.82,1.81,5.78,1309813200,53,0.26,10,1309802400,9.781,67.08,1309777200,86.19,1309813200,67.08,1309777200,86.19,1309813200,2011-07-04,
1309842000,Partly cloudy throughout the day.,partly-cloudy-day,1309861354,1309915796,0.17,0.0,0.0,,0.0,,90.9,1309903200,72.98,1309950000,91.25,1309903200,73.5,1309950000,61.02,0.53,1014.56,2.4,7.13,1309896000,257,0.2,10,1309885200,9.564,67.43,1309860000,90.9,1309903200,67.43,1309860000,91.25,1309903200,2011-07-05,
1309928400,Partly cloudy throughout the day.,partly-cloudy-day,1309947791,1310002179,0.21,0.0,0.0,,0.0,,83.46,1309968000,67.41,1310036400,85.8,1309968000,67.41,1310036400,63.52,0.62,1014.53,3.19,9.29,1309993200,37,0.51,8,1309975200,9.987,70.17,1310011200,83.46,1309968000,70.17,1310011200,85.8,1309968000,2011-07-06,
1310014800,Possible light rain in the morning.,rain,1310034229,1310088559,0.24,0.0013,0.0232,1310032800.0,0.39,rain,77.8,1310068800,64.35,1310115600,77.8,1310068800,64.51,1310115600,56.9,0.59,1014.4,2.85,5.83,1310058000,56,0.7,6,1310061600,9.997,67.41,1310036400,77.8,1310068800,67.41,1310036400,77.8,1310068800,2011-07-07,
1310101200,Clear throughout the day.,clear-day,1310120669,1310174937,0.28,0.0,0.0,,0.0,,83.03,1310155200,64.7,1310209200,83.03,1310155200,64.7,1310209200,57.1,0.59,1011.39,2.93,9.33,1310144400,21,0.0,10,1310148000,9.776,64.35,1310115600,83.03,1310155200,64.51,1310115600,83.03,1310155200,2011-07-08,
1310187600,Partly cloudy throughout the day.,partly-cloudy-day,1310207110,1310261314,0.32,0.0,0.0,,0.0,,89.52,1310245200,73.96,1310295600,89.96,1310245200,74.95,1310295600,59.92,0.53,1012.97,3.11,10.5,1310245200,176,0.19,8,1310230800,9.893,64.7,1310209200,89.52,1310245200,64.7,1310209200,89.96,1310245200,2011-07-09,
1310274000,Partly cloudy throughout the day.,partly-cloudy-day,1310293553,1310347688,0.35,0.0,0.0,,0.0,,90.31,1310335200,78.55,1310382000,94.29,1310328000,79.91,1310382000,68.79,0.64,1012.41,4.87,11.0,1310335200,188,0.42,8,1310317200,8.956,73.96,1310295600,90.31,1310335200,74.95,1310295600,94.29,1310328000,2011-07-10,
1310360400,Rain in the morning.,rain,1310379996,1310434060,0.39,0.0103,0.1821,1310392800.0,1.0,rain,89.16,1310421600,72.45,1310468400,95.44,1310421600,73.42,1310468400,71.42,0.74,1009.68,4.35,11.77,1310428800,231,0.5,6,1310410800,9.516,71.74,1310392800,89.16,1310421600,72.89,1310392800,95.44,1310421600,2011-07-11,
1310446800,Possible drizzle in the evening and overnight.,rain,1310466441,1310520430,0.42,0.0003,0.0033,1310522400.0,0.4,rain,84.82,1310486400,67.9,1310554800,86.15,1310486400,68.18,1310554800,66.21,0.69,1013.58,3.67,10.42,1310490000,16,0.3,9,1310493600,9.997,70.75,1310529600,84.82,1310486400,70.93,1310529600,86.15,1310486400,2011-07-12,
1310533200,Mostly cloudy throughout the day.,partly-cloudy-day,1310552887,1310606799,0.46,0.0,0.0,,0.0,,72.21,1310576400,64.06,1310630400,72.21,1310576400,64.07,1310630400,58.33,0.68,1017.63,6.98,14.07,1310587200,32,0.68,8,1310580000,9.998,65.34,1310616000,72.21,1310576400,65.34,1310616000,72.21,1310576400,2011-07-13,
1310619600,Mostly cloudy throughout the day.,partly-cloudy-day,1310639335,1310693165,0.49,0.0,0.0,,0.0,,81.59,1310673600,69.78,1310716800,81.59,1310673600,69.99,1310716800,57.97,0.63,1016.85,4.71,9.79,1310655600,91,0.52,6,1310666400,9.997,64.06,1310630400,81.59,1310673600,64.07,1310630400,81.59,1310673600,2011-07-14,
1310706000,Mostly cloudy throughout the day.,partly-cloudy-day,1310725783,1310779529,0.53,0.0,0.0,,0.0,,85.16,1310756400,71.36,1310799600,85.51,1310756400,71.59,1310799600,61.1,0.59,1015.0,3.16,9.14,1310767200,98,0.62,8,1310752800,9.997,69.78,1310716800,85.16,1310756400,69.99,1310716800,85.51,1310756400,2011-07-15,
1310792400,Mostly cloudy throughout the day.,partly-cloudy-day,1310812232,1310865891,0.56,0.0,0.0,,0.0,,88.48,1310850000,71.57,1310900400,88.48,1310850000,72.2,1310900400,62.89,0.6,1016.23,1.6,6.42,1310853600,168,0.6,6,1310842800,9.997,71.36,1310799600,88.48,1310850000,71.59,1310799600,88.48,1310850000,2011-07-16,
1310878800,Humid and partly cloudy throughout the day.,partly-cloudy-day,1310898683,1310952252,0.59,0.0,0.0,,0.0,,95.03,1310936400,80.6,1310986800,101.63,1310940000,86.07,1310986800,68.76,0.62,1017.88,3.41,11.01,1310940000,213,0.17,8,1310929200,9.947,71.57,1310900400,95.03,1310936400,72.2,1310900400,101.63,1310940000,2011-07-17,
1310965200,Humid and mostly cloudy throughout the day.,partly-cloudy-day,1310985134,1311038610,0.62,0.0,0.0003,1310986800.0,0.12,,91.53,1311026400,78.45,1311073200,99.56,1311033600,81.48,1311073200,74.75,0.7,1014.69,5.76,16.19,1311012000,242,0.61,7,1311012000,8.413,80.6,1310986800,91.53,1311026400,86.07,1310986800,99.56,1311033600,2011-07-18,
1311051600,Possible light rain in the morning.,partly-cloudy-day,1311071587,1311124967,0.65,0.0,0.0,,0.0,,90.25,1311109200,75.48,1311159600,99.4,1311102000,76.78,1311159600,74.34,0.73,1011.57,3.17,7.24,1311105600,19,0.43,8,1311098400,9.104,78.45,1311073200,90.25,1311109200,81.48,1311073200,99.4,1311102000,2011-07-19,
1311138000,Possible light rain in the morning.,rain,1311158040,1311211321,0.69,0.0018,0.0252,1311156000.0,0.37,rain,99.08,1311195600,81.73,1311246000,111.42,1311192000,87.39,1311246000,73.48,0.65,1009.28,4.8,17.28,1311199200,224,0.49,7,1311188400,9.169,75.48,1311159600,99.08,1311195600,76.78,1311159600,111.42,1311192000,2011-07-20,
1311224400,Possible light rain in the morning and overnight.,partly-cloudy-day,1311244494,1311297674,0.72,0.0,0.0,,0.0,,98.59,1311278400,76.06,1311328800,111.7,1311271200,77.12,1311328800,73.43,0.6,1008.34,4.4,13.95,1311267600,255,0.21,9,1311271200,9.997,81.73,1311246000,98.59,1311278400,87.39,1311246000,111.7,1311271200,2011-07-21,
1311310800,"Heavy rain until afternoon, starting again overnight.",rain,1311330948,1311384025,0.75,0.0296,0.3963,1311350400.0,1.0,rain,89.47,1311375600,71.29,1311411600,96.99,1311375600,72.49,1311411600,70.59,0.74,1012.03,3.6,10.94,1311346800,89,0.67,6,1311357600,9.63,71.49,1311350400,89.47,1311375600,72.68,1311350400,96.99,1311375600,2011-07-22,
1311397200,Heavy rain in the morning and overnight.,rain,1311417404,1311470375,0.78,0.0683,0.6569,1311411600.0,1.0,rain,84.15,1311462000,74.38,1311498000,89.95,1311462000,75.52,1311498000,71.51,0.82,1013.97,2.84,13.52,1311404400,295,0.77,6,1311444000,9.055,71.29,1311411600,84.15,1311462000,72.49,1311411600,89.95,1311462000,2011-07-23,
1311483600,Light rain in the morning and afternoon.,rain,1311503860,1311556722,0.81,0.0109,0.0925,1311519600.0,1.0,rain,84.97,1311537600,73.23,1311591600,89.71,1311537600,74.59,1311588000,70.68,0.8,1014.7,2.59,11.26,1311519600,264,0.78,6,1311530400,9.582,73.16,1311519600,84.97,1311537600,74.49,1311519600,89.71,1311537600,2011-07-24,
1311570000,Partly cloudy throughout the day.,partly-cloudy-day,1311590317,1311643068,0.84,0.0,0.0,,0.0,,84.61,1311634800,71.11,1311678000,86.32,1311634800,71.79,1311678000,68.15,0.74,1013.14,3.07,9.99,1311606000,350,0.32,9,1311616800,9.794,73.23,1311591600,84.61,1311634800,74.59,1311588000,86.32,1311634800,2011-07-25,
1311656400,Partly cloudy throughout the day.,partly-cloudy-day,1311676775,1311729412,0.87,0.0,0.0,,0.0,,80.87,1311706800,71.85,1311764400,83.09,1311703200,71.85,1311764400,64.4,0.68,1011.36,3.94,10.81,1311717600,38,0.41,6,1311703200,9.997,71.11,1311678000,80.87,1311706800,71.79,1311678000,83.09,1311703200,2011-07-26,
1311742800,Rain in the morning and overnight.,partly-cloudy-day,1311763233,1311815754,0.9,0.0002,0.0036,1311782400.0,0.15,rain,89.88,1311804000,74.44,1311847200,99.07,1311804000,75.89,1311847200,66.21,0.66,1011.22,5.03,13.55,1311807600,164,0.83,7,1311789600,9.816,71.85,1311764400,89.88,1311804000,71.85,1311764400,99.07,1311804000,2011-07-27,
1311829200,Rain in the morning and overnight.,rain,1311849691,1311902095,0.94,0.0232,0.1679,1311832800.0,1.0,rain,85.1,1311886800,74.51,1311940800,92.26,1311890400,76.14,1311940800,72.69,0.83,1011.98,3.16,8.18,1311872400,215,0.86,5,1311872400,9.498,74.44,1311847200,85.1,1311886800,75.89,1311847200,92.26,1311890400,2011-07-28,
1311915600,Light rain in the morning.,rain,1311936150,1311988434,0.98,0.013,0.1549,1311926400.0,0.95,rain,84.05,1311973200,67.91,1312023600,86.91,1311973200,68.54,1312023600,70.26,0.79,1014.82,2.72,11.15,1311962400,19,0.64,7,1311966000,8.961,73.5,1311998400,84.05,1311973200,74.21,1311998400,86.91,1311973200,2011-07-29,
1312002000,Partly cloudy throughout the day.,partly-cloudy-day,1312022610,1312074771,0.01,0.0,0.0,,0.0,,89.46,1312056000,71.17,1312110000,91.1,1312056000,72.04,1312110000,65.7,0.67,1017.71,1.83,6.29,1312056000,97,0.16,9,1312048800,9.97,67.91,1312023600,89.46,1312056000,68.54,1312023600,91.1,1312056000,2011-07-30,
1312088400,Humid and partly cloudy throughout the day.,partly-cloudy-day,1312109070,1312161107,0.05,0.0,0.0,,0.0,,91.57,1312146000,74.77,1312196400,96.6,1312146000,76.1,1312196400,69.75,0.68,1017.78,2.36,8.74,1312138800,231,0.23,9,1312131600,9.61,71.17,1312110000,91.57,1312146000,72.04,1312110000,96.6,1312146000,2011-07-31,
1312174800,Humid and mostly cloudy throughout the day.,partly-cloudy-day,1312195530,1312247441,0.09,0.0,0.0,,0.0,,91.18,1312228800,79.13,1312282800,98.41,1312228800,82.53,1312282800,72.42,0.72,1015.78,2.5,9.0,1312214400,257,0.5,6,1312225200,9.127,74.77,1312196400,91.18,1312228800,76.1,1312196400,98.41,1312228800,2011-08-01,
1312261200,Rain overnight.,rain,1312281991,1312333774,0.12,0.0144,0.2818,1312344000.0,1.0,rain,93.04,1312318800,73.95,1312344000,104.9,1312315200,75.37,1312344000,73.96,0.71,1008.83,5.06,15.97,1312326000,203,0.78,6,1312304400,8.812,73.95,1312344000,93.04,1312318800,75.37,1312344000,104.9,1312315200,2011-08-02,
1312347600,Humid and partly cloudy throughout the day.,rain,1312368452,1312420105,0.16,0.001,0.0228,1312347600.0,0.68,rain,83.75,1312401600,69.69,1312448400,86.9,1312398000,70.41,1312448400,69.08,0.76,1008.16,5.12,14.61,1312398000,4,0.55,8,1312398000,9.654,73.73,1312430400,83.75,1312401600,74.27,1312430400,86.9,1312398000,2011-08-03,
1312434000,Mostly cloudy throughout the day.,partly-cloudy-day,1312454914,1312506435,0.2,0.0,0.0,,0.0,,81.51,1312488000,69.05,1312542000,84.12,1312488000,69.89,1312542000,66.65,0.75,1013.95,3.66,9.28,1312491600,40,0.42,6,1312480800,9.987,69.69,1312448400,81.51,1312488000,70.41,1312448400,84.12,1312488000,2011-08-04,
1312520400,Possible drizzle in the morning.,partly-cloudy-day,1312541375,1312592763,0.24,0.0,0.0,,0.0,,82.32,1312567200,74.09,1312635600,85.72,1312581600,75.54,1312635600,68.58,0.77,1013.6,2.52,7.11,1312574400,54,0.56,6,1312570800,9.738,69.05,1312542000,82.32,1312567200,69.89,1312542000,85.72,1312581600,2011-08-05,
1312606800,Possible drizzle in the morning.,rain,1312627837,1312679090,0.27,0.0018,0.0112,1312632000.0,0.49,rain,81.92,1312664400,72.49,1312707600,86.83,1312657200,73.6,1312707600,71.58,0.82,1009.81,1.83,5.85,1312660800,24,0.76,6,1312650000,7.919,74.09,1312635600,81.92,1312664400,75.54,1312635600,86.83,1312657200,2011-08-06,
1312693200,Rain until evening.,rain,1312714299,1312765415,0.31,0.0182,0.1645,1312732800.0,0.91,rain,87.42,1312750800,69.67,1312801200,93.44,1312747200,70.55,1312801200,69.7,0.81,1007.15,3.0,14.1,1312758000,252,0.48,7,1312740000,8.769,72.04,1312776000,87.42,1312750800,73.24,1312776000,93.44,1312747200,2011-08-07,
1312779600,Rain in the evening and overnight.,rain,1312800762,1312851739,0.34,0.0147,0.1134,1312844400.0,1.0,rain,79.81,1312830000,65.98,1312887600,82.34,1312830000,66.58,1312887600,68.06,0.84,1006.61,2.65,6.87,1312833600,47,0.68,6,1312826400,8.905,69.67,1312801200,79.81,1312830000,70.55,1312801200,82.34,1312830000,2011-08-08,
1312866000,Partly cloudy throughout the day.,rain,1312887224,1312938062,0.38,0.0004,0.0083,1312866000.0,0.71,rain,80.73,1312912800,62.88,1312974000,82.31,1312909200,62.88,1312974000,62.85,0.71,1004.34,5.66,19.21,1312916400,274,0.27,8,1312909200,8.455,65.98,1312887600,80.73,1312912800,66.58,1312887600,82.31,1312909200,2011-08-09,
1312952400,Partly cloudy throughout the day.,partly-cloudy-day,1312973687,1313024383,0.41,0.0,0.0,,0.0,,76.02,1313010000,59.31,1313060400,76.02,1313010000,59.31,1313060400,55.76,0.62,1009.75,4.61,13.58,1312995600,330,0.37,7,1312995600,9.998,62.88,1312974000,76.02,1313010000,62.88,1312974000,76.02,1313010000,2011-08-10,
1313038800,Partly cloudy throughout the day.,clear-day,1313060149,1313110703,0.44,0.0,0.0,,0.0,,79.9,1313100000,62.16,1313146800,79.9,1313100000,62.16,1313146800,55.43,0.6,1014.26,2.22,7.46,1313096400,198,0.11,8,1313085600,9.997,59.31,1313060400,79.9,1313100000,59.31,1313060400,79.9,1313100000,2011-08-11,
1313125200,Mostly cloudy throughout the day.,partly-cloudy-day,1313146612,1313197022,0.48,0.0,0.0,,0.0,,81.24,1313179200,69.69,1313236800,81.7,1313179200,69.9,1313233200,58.82,0.63,1014.4,4.72,14.14,1313179200,187,0.49,6,1313172000,9.997,62.16,1313146800,81.24,1313179200,62.16,1313146800,81.7,1313179200,2011-08-12,
1313211600,Rain starting in the afternoon.,rain,1313233075,1313283340,0.51,0.0138,0.1337,1313265600.0,0.88,rain,83.23,1313258400,65.53,1313323200,85.46,1313258400,65.79,1313323200,63.87,0.76,1011.16,3.8,11.16,1313254800,229,0.74,6,1313254800,9.666,66.97,1313294400,83.23,1313258400,67.66,1313287200,85.46,1313258400,2011-08-13,
1313298000,Mostly cloudy throughout the day.,rain,1313319538,1313369656,0.54,0.0002,0.0036,1313298000.0,0.4,rain,74.06,1313355600,59.41,1313406000,74.22,1313355600,59.41,1313406000,61.36,0.78,1013.62,8.18,18.96,1313352000,358,0.54,5,1313348400,9.998,65.53,1313323200,74.06,1313355600,65.79,1313323200,74.22,1313355600,2011-08-14,
1313384400,Partly cloudy throughout the day.,partly-cloudy-day,1313406000,1313455972,0.57,0.0,0.0,,0.0,,79.74,1313442000,61.96,1313492400,79.74,1313442000,61.96,1313492400,57.31,0.66,1015.18,2.58,9.55,1313424000,7,0.28,7,1313431200,9.997,59.41,1313406000,79.74,1313442000,59.41,1313406000,79.74,1313442000,2011-08-15,
1313470800,Partly cloudy throughout the day.,partly-cloudy-day,1313492463,1313542286,0.6,0.0,0.0,,0.0,,82.96,1313528400,64.98,1313575200,82.96,1313528400,64.98,1313575200,58.77,0.63,1016.69,1.93,6.61,1313532000,165,0.19,7,1313517600,9.997,61.96,1313492400,82.96,1313528400,61.96,1313492400,82.96,1313528400,2011-08-16,
1313557200,Mostly cloudy throughout the day.,partly-cloudy-day,1313578926,1313628599,0.63,0.0,0.0,,0.0,,83.74,1313611200,69.74,1313665200,85.79,1313614800,70.23,1313665200,62.4,0.66,1017.01,2.83,10.09,1313604000,211,0.45,7,1313600400,9.997,64.98,1313575200,83.74,1313611200,64.98,1313575200,85.79,1313614800,2011-08-17,
1313643600,Partly cloudy throughout the day.,partly-cloudy-day,1313665389,1313714911,0.66,0.0,0.0,,0.0,,82.39,1313690400,66.15,1313751600,83.5,1313690400,66.19,1313751600,63.88,0.68,1014.48,2.51,7.25,1313701200,43,0.41,7,1313690400,9.473,69.74,1313665200,82.39,1313690400,70.23,1313665200,83.5,1313690400,2011-08-18,
1313730000,Partly cloudy throughout the day.,partly-cloudy-day,1313751852,1313801222,0.69,0.0,0.0,,0.0,,85.86,1313784000,72.45,1313838000,88.09,1313784000,73.29,1313838000,63.47,0.66,1011.9,2.17,6.67,1313776800,117,0.38,7,1313776800,9.998,66.15,1313751600,85.86,1313784000,66.19,1313751600,88.09,1313784000,2011-08-19,
1313816400,Rain in the morning and afternoon.,rain,1313838314,1313887532,0.72,0.0202,0.2347,1313859600.0,1.0,rain,77.44,1313877600,67.41,1313928000,78.42,1313877600,67.84,1313928000,67.91,0.83,1013.12,1.95,9.4,1313856000,180,0.75,5,1313866800,9.065,68.49,1313859600,77.44,1313877600,69.36,1313859600,78.42,1313877600,2011-08-20,
1313902800,Possible drizzle in the morning.,rain,1313924777,1313973841,0.75,0.0004,0.0047,1313917200.0,0.32,rain,79.64,1313960400,61.26,1314007200,79.64,1313960400,61.26,1314007200,60.4,0.67,1014.45,3.58,11.47,1313960400,332,0.53,8,1313949600,9.046,67.41,1313928000,79.64,1313960400,67.84,1313928000,79.64,1313960400,2011-08-21,
1313989200,Mostly cloudy throughout the day.,partly-cloudy-day,1314011240,1314060149,0.79,0.0,0.0,,0.0,,79.16,1314043200,65.33,1314097200,79.37,1314043200,65.45,1314097200,59.76,0.68,1016.83,2.08,7.74,1314050400,62,0.43,6,1314032400,9.998,61.26,1314007200,79.16,1314043200,61.26,1314007200,79.37,1314043200,2011-08-22,
1314075600,Rain until evening.,rain,1314097702,1314146456,0.82,0.0194,0.1723,1314118800.0,1.0,rain,72.86,1314140400,70.68,1314183600,73.6,1314140400,71.75,1314183600,63.4,0.82,1012.13,4.88,17.08,1314154800,196,0.56,5,1314126000,9.451,65.33,1314097200,72.86,1314140400,65.45,1314097200,73.6,1314140400,2011-08-23,
1314162000,Humid and partly cloudy throughout the day.,partly-cloudy-day,1314184165,1314232763,0.85,0.0,0.0,,0.0,,91.67,1314219600,65.52,1314270000,101.42,1314216000,65.52,1314270000,67.8,0.69,1005.02,5.99,15.48,1314226800,247,0.27,8,1314208800,9.554,70.68,1314183600,91.67,1314219600,71.75,1314183600,101.42,1314216000,2011-08-24,
1314248400,Partly cloudy throughout the day.,clear-day,1314270627,1314319068,0.89,0.0,0.0,,0.0,,78.7,1314302400,60.45,1314356400,78.93,1314302400,60.45,1314356400,59.07,0.64,1013.66,3.9,10.7,1314280800,354,0.05,7,1314295200,9.998,65.52,1314270000,78.7,1314302400,65.52,1314270000,78.93,1314302400,2011-08-25,
1314334800,Partly cloudy throughout the day.,partly-cloudy-day,1314357089,1314405373,0.92,0.0,0.0,,0.0,,81.63,1314385200,67.21,1314442800,81.73,1314385200,67.77,1314442800,59.98,0.7,1015.97,1.41,6.57,1314388800,59,0.24,7,1314381600,9.992,60.45,1314356400,81.63,1314385200,60.45,1314356400,81.73,1314385200,2011-08-26,
1314421200,Partly cloudy throughout the day.,partly-cloudy-day,1314443552,1314491676,0.96,0.0,0.0,,0.0,,79.67,1314468000,64.27,1314532800,82.46,1314468000,64.27,1314532800,63.67,0.73,1013.03,4.8,15.3,1314478800,6,0.26,5,1314468000,9.985,67.21,1314442800,79.67,1314468000,67.77,1314442800,82.46,1314468000,2011-08-27,
1314507600,Partly cloudy throughout the day.,partly-cloudy-day,1314530014,1314577979,1.0,0.0,0.0,,0.0,,74.5,1314561600,60.05,1314615600,74.5,1314561600,60.05,1314615600,57.17,0.65,1013.36,5.57,16.98,1314522000,13,0.4,7,1314550800,9.997,64.27,1314532800,74.5,1314561600,64.27,1314532800,74.5,1314561600,2011-08-28,
1314594000,Partly cloudy throughout the day.,partly-cloudy-day,1314616476,1314664282,0.04,0.0,0.0,,0.0,,77.56,1314655200,62.13,1314702000,77.56,1314655200,62.13,1314702000,57.49,0.67,1016.05,2.16,6.7,1314648000,45,0.27,6,1314640800,9.997,60.05,1314615600,77.56,1314655200,60.05,1314615600,77.56,1314655200,2011-08-29,
1314680400,Light rain overnight.,rain,1314702938,1314750583,0.08,0.0003,0.0033,1314763200.0,0.48,rain,77.42,1314738000,65.31,1314777600,77.42,1314738000,65.54,1314777600,56.89,0.63,1017.26,3.08,7.57,1314745200,152,0.75,5,1314727200,9.997,62.13,1314702000,77.42,1314738000,62.13,1314702000,77.42,1314738000,2011-08-30,
1314766800,Partly cloudy throughout the day.,rain,1314789399,1314836884,0.11,0.0021,0.0196,1314774000.0,0.96,rain,88.13,1314828000,72.96,1314878400,92.7,1314828000,73.95,1314878400,64.67,0.68,1014.64,4.22,13.31,1314810000,173,0.52,7,1314813600,9.901,65.31,1314777600,88.13,1314828000,65.54,1314777600,92.7,1314828000,2011-08-31,
1314853200,Humid throughout the day.,partly-cloudy-day,1314875861,1314923184,0.15,0.0,0.0,,0.0,,94.32,1314910800,79.0,1314964800,105.29,1314907200,79.82,1314964800,71.42,0.68,1012.92,2.79,10.38,1314907200,203,0.19,8,1314900000,9.736,72.96,1314878400,94.32,1314910800,73.95,1314878400,105.29,1314907200,2011-09-01,
1314939600,Humid and partly cloudy throughout the day.,partly-cloudy-day,1314962323,1315009484,0.19,0.0,0.0,,0.0,,92.71,1314993600,74.67,1315047600,100.53,1314993600,75.44,1315047600,70.14,0.62,1011.83,3.93,11.67,1314979200,216,0.34,6,1314986400,9.572,79.0,1314964800,92.71,1314993600,79.82,1314964800,100.53,1314993600,2011-09-02,
1315026000,Rain starting in the afternoon.,rain,1315048784,1315095783,0.23,0.01,0.1075,1315083600.0,0.91,rain,86.24,1315076400,65.21,1315141200,90.21,1315076400,65.21,1315141200,69.23,0.77,1011.49,2.28,12.18,1315080000,334,0.48,7,1315069200,9.204,71.05,1315108800,86.24,1315076400,72.11,1315108800,90.21,1315076400,2011-09-03,
1315112400,Mostly cloudy throughout the day.,rain,1315135246,1315182082,0.26,0.0004,0.0034,1315112400.0,0.4,rain,72.6,1315166400,54.49,1315224000,72.6,1315166400,54.49,1315224000,57.7,0.7,1012.98,4.88,15.64,1315173600,314,0.67,6,1315155600,9.79,63.13,1315195200,72.6,1315166400,63.13,1315195200,72.6,1315166400,2011-09-04,
1315198800,Mostly cloudy throughout the day.,partly-cloudy-day,1315221707,1315268380,0.3,0.0004,0.004,1315202400.0,0.21,rain,63.78,1315245600,55.52,1315306800,63.78,1315245600,55.52,1315306800,48.16,0.66,1018.74,8.55,22.08,1315242000,4,0.54,5,1315238400,9.998,54.49,1315224000,63.78,1315245600,54.49,1315224000,63.78,1315245600,2011-09-05,
1315285200,Partly cloudy throughout the day.,partly-cloudy-day,1315308169,1315354677,0.33,0.0,0.0,,0.0,,65.32,1315335600,56.73,1315393200,65.32,1315335600,56.73,1315393200,47.43,0.62,1021.18,6.76,17.43,1315342800,34,0.51,6,1315335600,9.998,55.52,1315306800,65.32,1315335600,55.52,1315306800,65.32,1315335600,2011-09-06,
1315371600,Partly cloudy throughout the day.,partly-cloudy-day,1315394630,1315440974,0.36,0.0,0.0,,0.0,,68.39,1315425600,62.65,1315479600,68.39,1315425600,62.65,1315479600,48.7,0.6,1021.0,7.24,18.31,1315411200,19,0.32,6,1315414800,9.997,56.73,1315393200,68.39,1315425600,56.73,1315393200,68.39,1315425600,2011-09-07,
1315458000,"Possible light rain until morning, starting again in the evening.",rain,1315481091,1315527271,0.4,0.0015,0.0163,1315533600.0,0.64,rain,71.79,1315504800,64.01,1315533600,71.79,1315504800,64.01,1315533600,54.58,0.67,1017.74,7.69,20.45,1315504800,21,0.82,5,1315501200,9.553,62.65,1315479600,71.79,1315504800,62.65,1315479600,71.79,1315504800,2011-09-08,
1315544400,"Possible drizzle until morning, starting again in the evening.",rain,1315567552,1315613567,0.43,0.0009,0.0038,1315587600.0,0.34,rain,70.27,1315598400,59.54,1315652400,70.65,1315598400,59.56,1315652400,61.7,0.85,1014.24,4.19,9.74,1315602000,44,0.95,4,1315591200,9.047,65.0,1315544400,70.27,1315598400,65.05,1315569600,70.65,1315598400,2011-09-09,
1315630800,Mostly cloudy throughout the day.,partly-cloudy-day,1315654013,1315699863,0.46,0.0,0.0003,1315656000.0,0.1,,74.42,1315692000,60.04,1315742400,74.44,1315692000,60.04,1315742400,60.47,0.8,1015.91,0.88,4.84,1315677600,131,0.56,5,1315677600,8.067,59.54,1315652400,74.42,1315692000,59.56,1315652400,74.44,1315692000,2011-09-10,
1315717200,Partly cloudy throughout the day.,partly-cloudy-day,1315740474,1315786159,0.49,0.0,0.0,,0.0,,82.34,1315774800,63.99,1315825200,82.68,1315774800,63.99,1315825200,59.81,0.7,1015.74,1.98,10.35,1315778400,255,0.3,6,1315764000,8.486,60.04,1315742400,82.34,1315774800,60.04,1315742400,82.68,1315774800,2011-09-11,
1315803600,Partly cloudy throughout the day.,partly-cloudy-day,1315826936,1315872454,0.52,0.0,0.0,,0.0,,85.44,1315861200,66.66,1315915200,85.61,1315854000,66.66,1315915200,60.38,0.63,1013.5,4.59,15.87,1315861200,227,0.28,6,1315850400,9.977,63.99,1315825200,85.44,1315861200,63.99,1315825200,85.61,1315854000,2011-09-12,
1315890000,Partly cloudy throughout the day.,clear-day,1315913397,1315958749,0.55,0.0,0.0,,0.0,,72.91,1315940400,55.15,1315998000,72.91,1315940400,55.15,1315998000,56.1,0.65,1011.84,4.9,13.64,1315940400,315,0.08,6,1315936800,8.439,60.17,1315972800,74.41,1315890000,60.17,1315972800,74.41,1315890000,2011-09-13,
1315976400,Drizzle in the afternoon.,rain,1315999858,1316045044,0.58,0.0012,0.0104,1316026800.0,0.71,rain,58.99,1316016000,44.49,1316088000,58.99,1316016000,41.27,1316088000,47.37,0.73,1018.53,3.17,9.93,1316059200,333,0.6,4,1316023200,7.375,51.66,1316059200,58.99,1316016000,51.66,1316059200,58.99,1316016000,2011-09-14,
1316062800,Partly cloudy throughout the day.,partly-cloudy-day,1316086319,1316131339,0.61,0.0,0.0,,0.0,,58.5,1316120400,47.16,1316160000,58.5,1316120400,47.16,1316160000,36.48,0.57,1026.65,5.19,15.57,1316102400,355,0.32,6,1316106000,9.998,44.49,1316088000,58.5,1316120400,41.27,1316088000,58.5,1316120400,2011-09-15,
1316149200,Overcast throughout the day.,cloudy,1316172780,1316217633,0.64,0.0,0.0,,0.0,,58.47,1316203200,52.07,1316260800,58.47,1316203200,52.07,1316260800,41.99,0.66,1027.71,1.31,3.92,1316192400,135,0.91,4,1316192400,9.997,47.16,1316160000,58.47,1316203200,47.16,1316160000,58.47,1316203200,2011-09-16,
1316235600,Partly cloudy throughout the day.,partly-cloudy-day,1316259241,1316303928,0.67,0.0,0.0,,0.0,,68.11,1316293200,56.61,1316350800,68.11,1316293200,56.61,1316350800,46.36,0.61,1025.32,3.86,12.2,1316286000,114,0.53,6,1316282400,9.958,52.07,1316260800,68.11,1316293200,52.07,1316260800,68.11,1316293200,2011-09-17,
1316322000,Light rain throughout the day.,rain,1316345703,1316390222,0.7,0.0106,0.0625,1316379600.0,1.0,rain,62.35,1316390400,62.35,1316390400,62.55,1316390400,62.55,1316390400,54.03,0.81,1020.56,4.23,12.21,1316401200,146,0.92,4,1316368800,7.741,56.61,1316350800,64.74,1316404800,56.61,1316350800,65.31,1316404800,2011-09-18,
1316408400,Light rain in the morning.,rain,1316432164,1316476516,0.73,0.0098,0.0871,1316422800.0,0.89,rain,67.26,1316469600,53.14,1316516400,67.26,1316469600,53.14,1316516400,60.13,0.87,1014.06,3.4,11.55,1316408400,268,0.75,4,1316455200,7.633,58.03,1316491200,67.26,1316469600,58.03,1316491200,67.26,1316469600,2011-09-19,
1316494800,Foggy in the morning.,partly-cloudy-day,1316518626,1316562810,0.77,0.0,0.0,,0.0,,74.64,1316552400,60.87,1316606400,74.64,1316552400,60.87,1316606400,54.19,0.75,1016.41,3.01,9.71,1316541600,176,0.49,5,1316541600,7.66,53.14,1316516400,74.64,1316552400,53.14,1316516400,74.64,1316552400,2011-09-20,
1316581200,Partly cloudy throughout the day.,partly-cloudy-day,1316605087,1316649104,0.8,0.0,0.0,,0.0,,71.67,1316635200,53.42,1316692800,71.67,1316635200,53.42,1316692800,51.51,0.63,1013.92,5.03,18.16,1316631600,238,0.42,6,1316628000,9.919,59.13,1316664000,71.67,1316635200,59.13,1316664000,71.67,1316635200,2011-09-21,
1316667600,Mostly cloudy throughout the day.,partly-cloudy-day,1316691549,1316735399,0.83,0.0,0.0,,0.0,,63.14,1316728800,48.83,1316772000,63.14,1316728800,48.83,1316772000,48.07,0.7,1018.59,2.94,11.45,1316710800,251,0.68,4,1316710800,9.997,53.42,1316692800,63.14,1316728800,53.42,1316692800,63.14,1316728800,2011-09-22,
1316754000,Mostly cloudy throughout the day.,partly-cloudy-day,1316778011,1316821693,0.87,0.0,0.0,,0.0,,60.45,1316808000,51.99,1316865600,60.45,1316808000,51.99,1316865600,46.19,0.73,1018.17,3.07,9.36,1316804400,3,0.63,4,1316800800,9.998,48.83,1316772000,60.45,1316808000,48.83,1316772000,60.45,1316808000,2011-09-23,
1316840400,Mostly cloudy throughout the day.,partly-cloudy-day,1316864473,1316907987,0.91,0.0009,0.0108,1316887200.0,0.28,rain,61.35,1316898000,53.07,1316941200,61.35,1316898000,53.07,1316941200,49.04,0.78,1015.72,2.13,6.25,1316898000,39,0.84,4,1316887200,9.725,51.99,1316865600,61.35,1316898000,51.99,1316865600,61.35,1316898000,2011-09-24,
1316926800,"Rain until afternoon, starting again overnight.",rain,1316950935,1316994282,0.95,0.0006,0.0038,1316966400.0,0.41,rain,64.22,1316988000,54.25,1317042000,64.22,1316988000,54.25,1317042000,53.08,0.84,1012.28,2.32,8.82,1316984400,141,0.9,3,1316973600,8.89,53.07,1316941200,64.22,1316988000,53.07,1316941200,64.22,1316988000,2011-09-25,
1317013200,"Rain until morning, starting again in the evening.",rain,1317037397,1317080577,0.98,0.0383,0.2,1317031200.0,1.0,rain,61.24,1317070800,53.88,1317096000,61.24,1317070800,53.88,1317096000,51.99,0.84,1004.47,6.73,17.64,1317052800,193,0.96,4,1317060000,7.924,53.88,1317096000,61.24,1317070800,53.88,1317096000,61.24,1317070800,2011-09-26,
1317099600,Light rain throughout the day.,rain,1317123860,1317166872,0.02,0.0106,0.0389,1317124800.0,0.97,rain,59.98,1317153600,54.26,1317207600,59.98,1317153600,54.26,1317207600,53.79,0.9,1005.85,3.51,11.25,1317110400,101,0.96,3,1317146400,8.023,54.41,1317099600,59.98,1317153600,54.41,1317099600,59.98,1317153600,2011-09-27,
